_id,hedge_count,certainty_count,discourse_count,passive_count
t1_f7ju17o,0,0,0,0
t1_k5c5yyz,0,0,0,1
t1_givys64,0,0,0,1
t1_joq538t,0,0,0,0
t1_hlk1vci,0,1,0,1
t1_cguw8w8,0,0,0,0
t1_fmcunuq,0,0,0,1
t1_jolyktt,0,0,0,3
t1_fegajpj,0,0,0,0
t1_k4a1rz6,0,0,0,1
t1_exd9ccm,0,0,0,0
t1_kb55gnn,0,0,0,1
t1_hsoj4b0,0,0,0,0
t1_e9gbebp,0,0,0,0
t1_il8cpvx,0,0,1,2
t1_gzs5v7g,0,0,0,0
t1_dxeq6v9,0,0,0,0
t1_haja09s,0,0,0,1
t1_j0cxfzk,0,0,0,0
t1_dwjjh4l,0,0,0,0
t1_fnua8i5,0,0,0,0
t1_gteuknx,0,0,0,0
t1_hkwzb2z,0,0,0,0
t1_hn2tsej,2,0,0,3
t1_ho7i6ht,0,0,1,0
t1_gsdgupf,0,0,0,0
t1_errzsjm,0,0,0,0
t1_eoryiia,0,0,0,0
t1_dw850o1,0,0,0,2
t1_i46k0jt,0,1,0,3
t1_gv484ay,0,0,0,1
t1_fgbnl96,0,0,0,0
t1_elc14lm,1,0,0,0
t1_e4hcygt,0,0,0,1
t1_f17mla9,2,0,0,2
t1_fxi59ad,0,0,0,0
t1_dzqz120,0,0,1,1
t1_ewibxb5,3,0,0,2
t1_dt5kqwa,0,0,0,0
t1_hqgw7x2,0,0,0,0
t1_ih5cggk,1,0,0,2
t1_h7hwebn,1,1,0,0
t1_frfd8jq,0,0,0,0
t1_gruwcg4,0,0,0,0
t1_g4pcbzj,0,0,0,0
t1_if6rhqz,0,0,0,0
t1_guf2o95,1,0,0,1
t1_foozu8o,0,0,0,0
t1_hbkbe8c,0,0,0,0
t1_fkc2fl3,0,0,0,1
t1_j4rr72m,0,0,0,0
t1_ettkcu3,0,0,0,0
t1_hsxp5n6,0,0,0,0
t1_gt2ixvs,0,0,0,2
t1_dye3vh7,0,0,0,0
t1_e93zmh3,0,0,0,1
t1_gv0dchj,0,0,0,1
t1_ita35vm,0,0,0,0
t1_e713bqm,0,0,0,1
t1_fj010mi,0,0,0,3
t1_ejcjqoo,0,0,0,0
t1_k4fu291,0,0,0,0
t1_f7xdoof,0,0,0,0
t1_haw5wob,0,0,0,0
t1_jafdooe,4,0,0,0
t1_jlyhvz7,0,0,0,0
t1_grdh47x,0,0,0,1
t1_dxfd72z,1,0,0,1
t1_hv74k3m,0,0,0,1
t1_fnkauqo,0,0,0,1
t1_in4nr3x,0,0,0,0
t1_exto9ek,0,0,1,2
t1_gnd538h,0,0,0,0
t1_fkhspn4,0,1,0,0
t1_cze1q9u,0,0,0,0
t1_crk6588,0,0,0,0
t1_gfy7o8r,0,0,0,1
t1_ebsvu2x,0,0,0,1
t1_griwea8,0,0,0,0
t1_gouvjao,0,0,0,1
t1_jrep3bu,3,0,0,0
t1_e1v9o2e,0,0,0,0
t1_he70c7j,0,0,0,0
t1_e4okrcx,0,0,0,0
t1_i67vlfz,0,0,0,0
t1_gyledk2,0,0,0,0
t1_gul235z,0,0,0,1
t1_h39odwq,1,0,0,0
t1_hi2stcl,0,0,1,0
t1_g0q20p0,0,0,0,1
t1_fvwrhht,0,1,0,0
t1_jolxlod,0,0,0,1
t1_hljxln6,0,0,0,0
t1_ie6r075,0,0,1,1
t1_f6l2mu8,0,0,0,0
t1_f1ht2tr,0,0,0,0
t1_gx254v2,1,0,0,0
t1_foatffs,2,0,0,0
t1_f306zke,0,0,0,1
t1_hfx93pe,0,0,0,1
t1_i2vcy28,0,0,0,0
t1_erh5gks,0,0,0,0
t1_edmhmlk,0,0,0,0
t1_etfd7p7,1,0,0,0
t1_k9yn8rx,0,0,0,0
t1_dtkech1,0,0,0,0
t1_esd7n6i,0,0,0,0
t1_fvekdpj,0,0,0,0
t1_ghbm81l,0,0,0,0
t1_gt6q27h,0,0,0,0
t1_g6gi1h8,0,0,0,1
t1_h87wtx8,0,0,0,1
t1_ectb45o,1,0,0,0
t1_f94mp11,0,0,0,0
t1_fwb1jq8,0,0,0,0
t1_k4vn06v,2,0,0,0
t1_fmfqb04,0,0,0,0
t1_h8gjvov,0,0,0,1
t1_jm9yzmv,0,0,0,0
t1_h2ggcvf,0,0,0,3
t1_eekqf1z,1,0,0,1
t1_juhpv25,1,0,0,0
t1_jvf8ybq,0,1,0,0
t1_egn80ro,0,0,0,0
t1_guxwa6q,0,0,0,0
t1_j9mvnh9,0,0,0,1
t1_j1r7how,0,0,0,1
t1_k7hckxi,0,0,0,1
t1_guvsq8i,0,0,0,5
t1_f3w9vsy,0,0,0,2
t1_hha7djk,0,0,0,0
t1_ezjtqhr,0,0,0,1
t1_guzfax8,0,0,0,0
t1_g3wep6v,0,0,0,2
t1_i3ulmih,0,0,0,1
t1_k6ozaw9,0,0,0,0
t1_j64qd9e,0,0,0,0
t1_dimsxw7,0,0,0,0
t1_fpkooow,0,0,0,0
t1_g8bot9y,0,0,0,0
t1_j9lecyo,0,0,0,0
t1_i0m9kjx,1,0,0,1
t1_i6kv90o,0,0,0,0
t1_g6btkwg,0,0,0,0
t1_fc71da5,0,0,0,0
t1_efm5der,0,0,0,0
t1_fnzptkc,0,0,0,0
t1_gd37obs,0,0,0,0
t1_jp2j77o,0,0,0,0
t1_da3neaj,0,0,0,1
t1_e1ifbg4,0,0,0,0
t1_hf254sk,0,0,0,1
t1_jzj8p8m,0,0,0,0
t1_itnlw7g,0,0,0,0
t1_ke13jjy,0,0,0,1
t1_ew6vlnp,1,0,0,0
t1_hemf8zo,0,0,0,1
t1_gzy68vo,0,0,0,0
t1_ere5gum,0,1,1,1
t1_ga1ufgm,0,0,0,0
t1_grl28v1,0,0,0,2
t1_du0yw8z,0,0,0,0
t1_gbn26ya,0,0,0,0
t1_cl0y0vg,2,1,0,0
t1_j7j0czh,0,0,0,0
t1_jgr95kp,0,0,0,0
t1_f0jypww,0,0,0,0
t1_flgsm9v,0,0,0,2
t1_e7cqmpz,0,0,0,2
t1_fbfxw74,2,1,0,1
t1_ebig900,0,0,0,0
t1_gd32gnh,0,0,0,0
t1_hf33oy8,0,0,0,1
t1_f3o5wd5,0,0,0,1
t1_iza83ap,0,0,0,0
t1_jyzq581,0,0,0,2
t1_elsfu45,0,0,0,1
t1_fxiyp0w,0,0,0,0
t1_griq3xy,1,0,0,0
t1_keojxcq,0,0,0,0
t1_fikkwb1,0,0,0,1
t1_j8eryz9,1,0,0,0
t1_duozdp9,0,0,0,2
t1_k7k0fx9,0,0,0,0
t1_hniok1d,0,0,0,1
t1_gw1ctjv,0,0,0,1
t1_kfktpzy,0,0,0,0
t1_gaj6ww8,0,0,0,0
t1_dm5uui6,2,0,0,1
t1_d8wi1ze,0,0,0,0
t1_j8muypx,0,0,0,0
t1_gzq596y,0,0,0,0
t1_ia7hiuv,0,0,0,0
t1_g3wequq,0,0,0,2
t1_ea4qpej,2,0,0,0
t1_irki65k,0,0,0,0
t1_e8roglc,0,0,0,0
t1_diumqsc,0,0,0,1
t1_irao1uy,0,0,0,0
t1_hemfcmg,0,0,0,1
t1_cospxvi,0,0,0,0
t1_ia265k0,0,0,0,2
t1_e88n0wm,0,0,0,0
t1_k3ckwoe,0,0,0,0
t1_j1qmyl4,0,0,0,0
t1_hk0ek2m,0,0,0,1
t1_fenuais,0,0,0,0
t1_gv42tb4,0,0,0,0
t1_grjaz1w,0,0,0,1
t1_h4494tl,1,0,0,0
t1_gs46wy7,2,0,0,0
t1_hqqc480,0,0,0,0
t1_k7maqpi,0,0,0,2
t1_cne1uqy,1,0,0,0
t1_iragnul,0,0,0,1
t1_in8bika,0,0,0,0
t1_dufpc5y,0,1,0,0
t1_gzq4pak,0,0,0,0
t1_ikhwfrd,0,0,1,0
t1_ettap1u,0,0,0,0
t1_csxucnv,0,0,0,1
t1_gxdb7kz,0,0,0,0
t1_kceo21o,0,0,0,0
t1_gx8zkdk,0,0,0,0
t1_fmoovsx,1,0,0,1
t1_k95d5rm,0,0,0,0
t1_gjusi7r,0,0,0,1
t1_gt38agz,0,0,0,0
t1_hr961id,0,0,0,0
t1_gftgf7k,0,0,0,2
t1_e857drl,0,0,0,0
t1_eyeg17e,0,0,0,1
t1_eu4t99b,0,0,0,0
t1_gng5rq1,0,0,0,1
t1_guhw701,0,0,0,0
t1_flpysik,0,1,1,0
t1_hsoyhdj,0,1,0,0
t1_dv7yq7v,0,0,0,2
t1_ddw3mag,0,0,0,2
t1_gxd8ipb,1,0,0,0
t1_hwpsf4k,1,0,0,1
t1_jbjl4tp,0,0,0,1
t1_etfad80,0,0,0,0
t1_k4u5a44,1,0,0,0
t1_gt75e6t,0,0,0,0
t1_d3lmhld,0,1,0,1
t1_gjw2woq,0,0,0,0
t1_dyg5mfm,0,0,0,1
t1_k692fi5,2,0,0,0
t1_fte5n6m,0,0,0,1
t1_i3oxubo,0,0,0,0
t1_dx1op4i,2,0,0,1
t1_irkc62e,0,0,0,2
t1_iwknvzx,0,0,0,1
t1_fdabkto,0,0,0,0
t1_jm05rks,0,0,0,0
t1_gt0602z,0,1,0,3
t1_fj4wjxh,0,0,0,0
t1_ew7n1oy,0,0,0,0
t1_hh26t4o,0,0,0,0
t1_e3nx5r2,0,1,0,0
t1_fo5in41,0,0,0,0
t1_fp8nde0,0,0,0,3
t1_hf9890p,0,0,0,2
t1_imo4c9w,0,0,0,0
t1_en30ba3,0,0,0,1
t1_htmqlzt,0,0,0,0
t1_gtbad6q,0,0,0,0
t1_ezf3pqa,0,0,0,1
t1_icr08hg,0,0,0,0
t1_jyo1gj0,0,0,0,0
t1_dw2kabp,0,0,0,0
t1_el8w0il,0,0,0,0
t1_haqlsml,0,0,0,0
t1_dw8n1vj,0,0,0,0
t1_eutc61w,0,0,0,0
t1_dvr2adz,0,0,1,0
t1_k8dy1lx,1,0,1,1
t1_gtn2zi8,0,0,0,0
t1_g1rff02,0,0,0,1
t1_dw2hjwt,0,1,0,0
t1_ec3okwf,0,0,0,0
t1_h1eoqot,0,0,0,0
t1_k0tn9bo,0,0,0,1
t1_eue2c15,0,0,1,0
t1_g8432rk,0,0,0,0
t1_jn1u48d,0,0,0,0
t1_gf01cpk,0,0,0,0
t1_gd8csxv,0,0,0,1
t1_djf2914,0,0,0,0
t1_dwdn0to,0,0,0,0
t1_k6ogmx6,0,0,0,0
t1_ipmmtxx,0,0,0,1
t1_jsgzc9z,0,0,0,1
t1_dyjns7e,0,0,0,0
t1_dtizfgj,0,0,0,1
t1_hg0k062,0,0,0,1
t1_dtornpc,0,0,0,1
t1_fffe0gl,0,0,0,0
t1_gxbf2xf,1,0,0,2
t1_g3webly,0,0,0,2
t1_h8bvxz0,0,1,0,0
t1_e28by3c,0,0,0,1
t1_jgcarps,0,1,0,0
t1_e52ueby,0,0,0,0
t1_jtplv1s,0,0,0,0
t1_f1p32j3,0,0,0,2
t1_iibmykm,0,0,0,0
t1_e1h2s97,4,0,0,2
t1_e91xukz,0,0,1,0
t1_hhnlviq,0,0,0,0
t1_e1xqf0a,0,0,0,0
t1_fm81ueh,0,0,0,0
t1_hshe3jy,0,0,0,1
t1_k4kk4pk,0,0,0,0
t1_i5j4tlg,0,0,1,0
t1_gjd5l3o,0,0,0,0
t1_hfx8wdn,0,0,0,1
t1_go91bgg,0,0,0,0
t1_ismg0qz,2,0,0,1
t1_edekwcj,0,0,0,2
t1_hya1hh7,0,0,0,0
t1_gv1fbtd,0,0,0,0
t1_hfs5gu3,0,0,0,1
t1_dnlqq77,0,0,0,0
t1_gd72iut,1,0,0,0
t1_i3jkh6q,0,0,0,1
t1_e5883x7,0,0,0,1
t1_jpqldw0,2,0,0,1
t1_fa9gdrb,0,0,0,1
t1_ccms1vy,0,0,1,2
t1_hs3qo85,0,0,0,0
t1_fdq3zps,0,0,0,0
t1_hgnsml7,0,0,0,2
t1_ez63m5r,0,0,0,1
t1_h3ipw1d,0,0,0,1
t1_ia1vrsn,0,0,0,0
t1_irakjn4,0,0,0,0
t1_cyycd02,0,0,0,0
t1_eq9vh0j,0,0,0,0
t1_jf8eqad,0,0,0,0
t1_ewlig8x,2,0,0,0
t1_hbztejg,0,1,0,0
t1_e8pa361,0,0,0,0
t1_gk43ied,1,0,0,0
t1_hb9ctnd,0,0,0,1
t1_i7ybuop,1,0,0,0
t1_fcr6ets,0,0,0,1
t1_ho10pkp,1,0,0,1
t1_dwifbci,0,0,0,2
t1_eb7grm3,0,0,0,1
t1_iqu9znh,0,0,0,1
t1_d1ds861,0,0,0,0
t1_gmz4r5q,0,0,0,0
t1_dykzmcq,0,0,0,1
t1_ewecszi,0,0,0,0
t1_injn17m,0,0,0,0
t1_f7ejtay,0,0,0,1
t1_fnkmrk6,0,0,0,1
t1_jufuatq,0,0,0,0
t1_iudwola,0,0,0,0
t1_foisejb,0,0,0,0
t1_e8u3h53,1,0,0,0
t1_euwqtv2,0,0,0,1
t1_k1stfbm,0,0,0,0
t1_gra2ss8,0,0,0,0
t1_gevyv05,0,0,0,0
t1_dj1ym0s,0,0,0,0
t1_hqrlwah,0,0,0,0
t1_gz2lp0b,0,0,0,0
t1_gv2bc4r,0,0,0,1
t1_eyxyswq,0,0,0,0
t1_h1j25sb,2,0,0,0
t1_hrffqjp,0,0,0,0
t1_glbzvgn,0,0,1,1
t1_gyyic3e,1,2,0,2
t1_hgntud5,0,0,0,0
t1_h9sxlpx,0,0,0,0
t1_gu69iz8,1,0,0,0
t1_esok0c8,0,0,0,0
t1_ekkmtyz,0,0,0,0
t1_fz1am3h,0,0,0,1
t1_fwzhhdl,0,0,0,0
t1_gtn4gii,0,0,0,0
t1_gy422x9,0,0,0,0
t1_hjqyt38,0,0,0,0
t1_hq5da3n,0,0,0,0
t1_gxj77yz,0,0,0,0
t1_gtiq4d2,0,0,0,0
t1_exeiw7i,0,0,0,1
t1_j7x4hko,0,0,0,0
t1_ek8wt15,0,0,0,0
t1_gxvnl66,0,0,0,0
t1_ezyexrz,0,0,0,0
t1_epupo11,0,0,0,1
t1_j2wpvz6,0,0,0,0
t1_k81m5m3,0,0,0,0
t1_dwt6p8j,0,0,2,1
t1_itzxr8h,0,0,0,0
t1_kd4kcvv,0,0,0,1
t1_g55ubee,0,0,0,0
t1_gtfa35v,0,0,0,0
t1_grujzu3,0,0,0,0
t1_ic7j2oq,0,0,0,0
t1_dvf1ikl,0,0,0,0
t1_gxgft0q,0,0,0,3
t1_fz7t183,0,0,1,0
t1_k9bplnr,0,0,0,0
t1_gezfcxd,0,0,0,0
t1_e5iazc6,0,0,0,1
t1_ienlb4n,0,0,0,0
t1_f1f19y9,0,0,0,1
t1_dwgh5on,0,0,0,0
t1_gfblk4x,0,0,0,1
t1_f0z90m4,0,0,0,0
t1_hx89p2d,0,0,0,0
t1_hectlvd,0,0,0,1
t1_e1czhlh,0,0,0,3
t1_k7f1608,0,0,0,0
t1_kcfcp2o,0,0,1,1
t1_f1vhax5,0,1,0,0
t1_jhl3b85,0,0,0,0
t1_k2koe9v,0,0,0,1
t1_hclw97k,0,0,0,0
t1_ev68xuj,0,0,0,0
t1_ite6et7,0,0,0,0
t1_kcdp9ut,0,0,0,0
t1_gypw45d,0,0,0,0
t1_hqy2014,0,0,0,1
t1_hwzs5qo,0,0,0,0
t1_jt0xbsl,0,0,0,1
t1_j8p3qxk,0,0,0,2
t1_gra4zs8,0,1,0,0
t1_i4kbmt7,0,0,0,0
t1_e6ejd31,0,0,0,0
t1_k93qzkh,2,0,0,0
t1_k3n9h8b,0,0,0,0
t1_hua6u8o,0,0,0,0
t1_darvxk2,0,0,0,0
t1_i1sosb7,0,0,1,0
t1_i172ts2,0,0,0,0
t1_h6orttf,0,0,0,0
t1_j9f9mbm,1,0,0,0
t1_dzwa6qd,0,0,0,0
t1_gcgt39z,0,0,0,1
t1_hcdxpv3,0,0,0,0
t1_gst1qkw,0,0,0,0
t1_gm0aow5,0,0,0,0
t1_h4tpp5x,1,0,0,3
t1_e4pddq8,0,0,0,0
t1_ewr96u8,0,0,0,0
t1_g1ky466,0,0,0,0
t1_dxccin8,0,0,0,0
t1_ios3v8d,0,0,0,1
t1_f1hitvx,1,1,0,0
t1_ea9rcqj,0,0,0,0
t1_gkzkp8m,0,0,0,0
t1_gtiahwh,0,0,0,0
t1_hn52wjp,0,0,0,0
t1_jn0fxsn,1,0,1,1
t1_ju2j6vx,1,0,0,0
t1_gxix3rw,0,0,0,0
t1_gk99ztm,0,0,0,3
t1_jnsfllc,0,0,1,0
t1_e7juhfr,0,0,0,0
t1_j9d9jm1,0,0,0,0
t1_i0524al,0,0,0,0
t1_h00h1p5,0,1,0,0
t1_ha7j079,0,0,0,1
t1_it6tjwv,0,0,0,0
t1_gmyjkhz,0,0,1,0
t1_ekwd0nm,0,0,0,1
t1_ec1us78,0,0,0,0
t1_iykpe2o,0,0,0,1
t1_f41vcrw,0,0,1,0
t1_iu9at50,0,1,0,0
t1_jeepny7,0,0,0,0
t1_gu84izq,0,0,0,0
t1_gnpyxlx,0,0,0,1
t1_hglympu,0,0,0,1
t1_gxwf4o9,0,0,2,1
t1_g8q7psj,0,1,0,0
t1_e7eircw,0,0,0,1
t1_hgwju1f,0,0,0,0
t1_efw0drs,1,0,0,0
t1_hujpo09,0,0,0,0
t1_fzo408e,0,0,0,1
t1_f3tyaab,0,0,0,0
t1_iv8g2tn,1,0,0,5
t1_iolzmy0,2,0,0,0
t1_gei6ev1,0,1,0,0
t1_efwgb9v,0,0,0,0
t1_h3cfhxp,0,0,0,0
t1_g5h79kj,0,0,0,0
t1_fprw5dw,0,0,0,0
t1_hf5sueg,0,0,0,1
t1_e5kvyt4,0,0,0,0
t1_hyg08sp,0,0,0,0
t1_gyaqbpc,0,0,0,0
t1_hshro41,1,0,0,0
t1_ggfa943,1,0,0,0
t1_hh22syv,0,0,0,0
t1_jfzx9us,1,0,0,0
t1_gx4i5r2,0,0,0,0
t1_kcocdg6,0,0,0,2
t1_idyc484,0,0,0,0
t1_iduju8u,5,1,0,2
t1_grw98oe,0,0,0,0
t1_hfx9p98,0,0,0,1
t1_hbx8kq2,0,0,0,0
t1_hta3drz,0,0,1,1
t1_gsjh3ub,0,0,0,1
t1_jo46axs,0,0,0,1
t1_grzen4v,0,0,0,1
t1_hm1wxte,0,0,0,0
t1_fbgtwb5,0,1,0,0
t1_g0mebla,0,0,0,0
t1_eyllw4z,0,1,0,1
t1_hcitqo9,1,1,0,0
t1_erw2a3z,0,0,0,0
t1_esp6lcl,0,0,0,0
t1_inri4xt,0,0,0,0
t1_izf53vf,2,0,0,1
t1_jwcn1br,2,0,0,1
t1_f2bgm09,0,0,0,0
t1_ewxivqz,0,0,0,0
t1_j0ixlz8,0,0,0,0
t1_gdb0ixa,0,0,0,0
t1_e0n56f5,0,0,0,0
t1_k3n9abp,0,0,0,0
t1_gldgtxl,0,0,0,0
t1_gxeofnp,0,0,0,1
t1_fo5ij1z,0,0,0,0
t1_kbgvmfs,0,0,0,0
t1_ekyq4ns,0,0,0,0
t1_ikdqo0j,1,0,0,1
t1_cwz4skq,0,0,0,0
t1_ergp5sn,0,0,0,0
t1_elcq7w6,0,0,0,0
t1_hkryzd8,0,0,0,0
t1_jovhrg2,0,0,0,1
t1_dtexkqz,0,0,0,2
t1_gqgph45,1,0,0,0
t1_e16wwap,1,0,0,1
t1_iatpyrc,0,0,0,0
t1_hcrq3xt,2,2,0,1
t1_g0pqejc,0,0,0,0
t1_ipl2bgw,2,0,0,0
t1_gxfan4m,2,0,0,1
t1_f1w8qi9,0,0,0,0
t1_e7vs75x,0,0,0,0
t1_hgl5b6x,0,0,0,1
t1_gtzfiu5,0,0,0,1
t1_fqlnaj3,0,0,0,0
t1_gv7008f,0,0,0,0
t1_jhj434n,0,0,1,0
t1_h754ktw,2,0,0,0
t1_fzihes8,0,0,0,0
t1_gri5mvq,0,0,0,0
t1_gvebcvk,0,0,0,0
t1_gussob7,0,0,0,0
t1_ggf2h4j,1,0,0,0
t1_inqo522,0,1,0,0
t1_jnavpc8,0,0,0,0
t1_e3hqrk2,0,0,0,0
t1_g7dp5dp,0,0,0,1
t1_f3y9jqa,0,0,0,0
t1_gzaw7sm,1,0,0,0
t1_eqqnc2u,0,0,0,0
t1_hul5v3e,0,0,0,0
t1_dtpnrcq,0,0,0,1
t1_fdlt3z6,1,0,0,2
t1_hobkp4f,0,0,0,1
t1_h5u6f3x,0,0,0,0
t1_gwcyj9j,4,0,0,1
t1_hhrjmhi,3,1,0,2
t1_hlbp1yr,0,0,0,0
t1_ifscexz,0,0,0,0
t1_e1m9gsi,0,0,0,0
t1_h0eprkq,0,0,0,1
t1_dytohsf,0,1,0,1
t1_dd4b4rr,0,0,0,0
t1_dt39c64,0,0,0,0
t1_gvq0zrl,0,0,0,0
t1_dw4knu8,0,0,0,2
t1_jkzy69d,0,0,0,0
t1_gny21qm,1,0,0,0
t1_f2ggdwc,0,1,0,1
t1_g074n2j,0,0,0,0
t1_f6p2ig0,0,0,0,0
t1_fxlo8oq,0,0,0,0
t1_ix3m10u,0,0,0,1
t1_gvjs8go,0,0,0,0
t1_hq539wo,0,0,0,0
t1_e6ia8gj,0,0,0,0
t1_gxifawr,0,0,0,1
t1_fbmzdg4,0,0,0,0
t1_emnnyde,0,0,0,0
t1_ecazut8,0,0,0,0
t1_fbtntoi,0,0,0,0
t1_kbw1isa,0,0,0,0
t1_i2r696b,1,0,0,0
t1_jnkwca9,0,0,0,0
t1_irg6dur,0,0,0,0
t1_g3sq3yh,0,0,0,0
t1_eylkz22,0,1,0,1
t1_ivhjr4i,0,0,0,0
t1_i8ky0ff,0,0,0,0
t1_e9mgm6k,0,0,0,0
t1_fbd2ekd,0,0,0,0
t1_eludjjw,0,0,0,0
t1_jdynnh4,0,0,0,0
t1_elg51r9,0,0,0,0
t1_f3zdnhe,0,0,0,0
t1_fe1g8qr,0,0,0,0
t1_hsm4zo8,0,0,0,0
t1_hugie6o,0,0,0,0
t1_gdrrqap,0,0,0,1
t1_kfjfxwk,0,0,0,0
t1_ibgivc4,0,0,0,0
t1_gugb4sf,0,0,0,1
t1_et6hm26,0,0,0,1
t1_gyezodr,0,0,0,0
t1_gdspq6i,0,0,0,0
t1_fnwtf78,0,0,0,0
t1_iq83djh,0,0,0,0
t1_hi4dr1r,0,0,0,0
t1_gbx05sn,0,0,0,0
t1_gxd9muv,0,0,0,1
t1_etw8esi,0,0,0,0
t1_hx89qpm,0,0,0,0
t1_gvlto90,2,0,0,0
t1_k8bth4z,0,0,0,0
t1_e14hdy5,0,0,0,0
t1_f9fbjxh,0,0,0,0
t1_ec5aue2,0,0,0,0
t1_fmasfug,0,0,0,0
t1_gbqt43d,0,0,0,0
t1_fxyglgx,0,0,0,0
t1_fq9b004,0,0,0,0
t1_kdc02kl,0,0,0,0
t1_h5s2rnc,1,0,0,0
t1_ermfx98,0,0,0,1
t1_dx4ps3s,5,0,0,0
t1_grjb2th,0,0,0,1
t1_f78bbnt,0,0,0,1
t1_h5qrzfg,1,0,0,0
t1_dxnm7cy,0,0,0,0
t1_j6zgga6,1,0,0,1
t1_hbkwj3z,0,0,0,1
t1_di84xbb,0,0,0,0
t1_exvv9vf,0,0,0,0
t1_gvq7kap,0,0,0,0
t1_gx27f7r,0,0,0,0
t1_ivg3ztl,0,0,0,1
t1_fn90sjq,0,0,0,2
t1_fo0a1ca,0,0,0,0
t1_e4ct5ae,0,0,0,1
t1_etuci3t,0,0,0,0
t1_jdn941e,0,0,0,0
t1_ewp4vwy,0,0,1,1
t1_g6opweo,0,0,0,2
t1_j5cll1c,0,0,0,0
t1_egbvl95,0,0,0,1
t1_go8j48a,0,0,0,0
t1_i6lhzki,1,0,0,0
t1_gtader8,0,0,0,0
t1_etzv9gc,0,0,0,1
t1_h1g7g4t,0,0,0,1
t1_i8g58mr,0,0,0,0
t1_h393hlr,0,0,0,1
t1_e0crm5m,0,0,0,0
t1_e62t8x5,0,0,0,0
t1_e9mhtja,0,0,1,0
t1_ewtqbr3,0,0,0,0
t1_hlr572t,0,0,0,1
t1_gxmfe9r,0,0,0,0
t1_ewk8crg,0,0,0,0
t1_ih15q9c,0,0,0,0
t1_j49ap25,0,0,0,1
t1_e3vj5fi,0,0,1,0
t1_jps3i60,3,0,0,0
t1_fcv2or9,0,0,2,0
t1_emgr2b2,0,0,0,0
t1_e08rzok,0,0,0,0
t1_hebj7rz,0,0,0,0
t1_g4ckcgs,0,1,0,1
t1_ee7dohn,0,0,0,0
t1_gzq96bv,0,0,0,0
t1_hbqpseb,0,0,0,1
t1_gxydpzb,0,0,0,0
t1_h1011en,0,0,0,0
t1_ih6a7nz,0,0,0,0
t1_ds5z8j9,0,0,0,0
t1_doj7s7m,0,0,0,1
t1_g0oousw,0,0,0,0
t1_kcazwmx,0,0,0,0
t1_hnuaziw,0,0,0,0
t1_dv0zbe7,2,0,0,0
t1_k1kct8n,0,0,0,0
t1_ey2s53w,0,0,0,0
t1_esjt3yz,1,0,0,0
t1_dxbnu39,0,0,0,0
t1_j4nk5wn,0,0,0,1
t1_hdsotgi,0,0,0,0
t1_jgy8ud5,0,0,0,0
t1_guaxxa3,0,0,0,0
t1_h0epsj5,0,0,0,1
t1_k7whnlu,0,0,0,1
t1_h12ynpk,0,0,0,0
t1_dfe7sz8,0,0,0,0
t1_j3ihm9g,0,0,0,0
t1_frop3ul,0,1,0,1
t1_fae60ew,0,0,0,0
t1_k2u1o8d,0,0,0,0
t1_fmh0fob,1,0,0,0
t1_jkgttbs,0,0,1,3
t1_hf6tel4,0,0,0,0
t1_etlvzjk,1,1,0,2
t1_k9ctynf,0,0,0,0
t1_i7c8sxa,0,0,0,1
t1_ic5ew02,0,0,0,2
t1_e6ndq3c,5,0,0,0
t1_hexc8kn,0,0,0,0
t1_h4w3u1k,0,1,0,0
t1_j9q5dby,0,0,0,0
t1_inoqwei,0,0,0,0
t1_k1kdrvp,0,0,0,0
t1_h4n3x6x,1,0,0,2
t1_epp1dhn,0,0,0,1
t1_kfff2vu,0,0,0,0
t1_f3h7vq0,0,0,0,0
t1_e0yv09k,0,0,0,0
t1_kcdsey5,0,0,0,0
t1_gibvp8y,0,0,0,0
t1_hk1dg11,2,0,0,3
t1_dycbyi1,0,0,0,0
t1_e63vihu,0,0,0,1
t1_jp5e861,0,0,0,0
t1_gb06koo,0,0,1,1
t1_ecam2h5,0,0,0,0
t1_fc9j4j1,0,0,0,0
t1_e6nu9b2,0,0,0,0
t1_f17da3j,0,0,0,0
t1_i16eqz0,2,1,0,0
t1_hf8di3h,0,1,0,0
t1_jzkelf0,0,0,0,1
t1_ezu00o0,0,0,0,2
t1_dwbtij8,0,0,0,0
t1_ezalvez,0,0,0,0
t1_e7jy268,0,0,0,0
t1_dv5otx8,0,0,0,1
t1_dt90dw3,0,0,0,0
t1_h0q0yr5,1,0,0,0
t1_hejvrjq,0,0,0,1
t1_gjgo1zb,0,0,0,0
t1_ik7t5bu,0,0,0,0
t1_hi4e3fm,0,0,0,0
t1_k85gvsz,0,0,0,2
t1_gf7ah4n,0,0,0,0
t1_fd6xmaj,0,0,0,0
t1_fafmsv2,0,1,0,0
t1_gt3fih1,0,0,0,0
t1_gveb47r,0,0,0,0
t1_fg34xpj,0,0,0,0
t1_f1hmhs0,0,0,0,0
t1_fkhd4w1,0,0,0,2
t1_gvsk6mc,1,0,0,0
t1_dxlp6c9,0,0,0,0
t1_gcqpisj,0,2,1,1
t1_dsv14tj,0,0,0,0
t1_fo7nsed,0,0,0,0
t1_e5fkcwz,0,0,0,1
t1_eyvcgjd,0,0,0,1
t1_joi7xxk,0,0,0,1
t1_ec1qosp,0,0,0,0
t1_dt5u79a,0,0,0,0
t1_e5h8rtr,0,0,0,1
t1_grzkwj5,0,2,0,2
t1_gujyiuq,2,0,0,1
t1_jmloy9v,0,0,0,0
t1_e6ob7uf,0,0,0,0
t1_hmfts82,0,0,0,2
t1_f7qr3wp,0,0,0,1
t1_f7eeq9z,0,0,2,0
t1_joqui1t,0,0,0,0
t1_f3oksw3,0,0,0,0
t1_idpij56,1,0,1,1
t1_h09y0k2,1,0,0,0
t1_gnqx5wt,0,0,0,0
t1_fpnt9n4,0,0,0,0
t1_k8pdb8a,0,0,0,0
t1_fag0j3m,0,0,0,0
t1_gbe2sc1,0,0,0,2
t1_j467cj6,0,0,1,1
t1_gjaos23,0,0,0,1
t1_gsj4uzx,0,0,0,0
t1_kbuh3es,0,0,0,0
t1_jxmb30r,0,0,0,1
t1_gnq55t9,0,0,0,0
t1_eucppte,0,0,0,2
t1_i4qartn,0,0,0,0
t1_g498f3s,0,0,0,1
t1_i0rkt48,0,0,0,0
t1_e4qb6q8,0,0,1,0
t1_hdsm0j5,0,0,0,0
t1_gqyi5cr,0,0,0,1
t1_d04d0p0,0,0,0,0
t1_ekirngn,0,1,0,0
t1_jbc6bd9,0,0,0,2
t1_i4vc2n9,0,0,0,2
t1_e8xawsr,0,0,0,0
t1_hgxhd41,0,0,0,0
t1_dxdbesq,0,0,0,0
t1_eyogxio,0,1,0,0
t1_iai3vcu,0,1,0,1
t1_gsc4lb1,1,0,2,1
t1_fmslxpo,0,1,0,0
t1_g7h9ia8,2,0,0,1
t1_en9hms5,0,0,0,0
t1_e2ygu1x,0,0,0,0
t1_d7v7vie,1,0,0,1
t1_havvhok,0,0,0,0
t1_e964bla,0,0,0,0
t1_i61suxa,0,0,0,0
t1_f5uzmqh,1,0,1,1
t1_gld9uob,0,1,0,0
t1_f4k1n4y,0,0,0,0
t1_gzykva6,0,0,0,0
t1_gv1f0u3,0,0,0,0
t1_epf26u6,0,0,0,1
t1_ix34bxa,0,0,0,0
t1_ffzsmk1,0,0,0,0
t1_eatrqrc,0,0,0,3
t1_is5xyvz,0,0,0,0
t1_jz3f48q,0,0,0,0
t1_dqfazwe,0,0,0,3
t1_diebn5n,0,0,0,2
t1_dyzrrkg,0,0,0,0
t1_f21b6dm,0,0,0,0
t1_ea0zrmq,0,0,0,1
t1_fb1hfiu,0,0,0,1
t1_if234mc,0,1,3,0
t1_e0jv09g,0,0,0,0
t1_ebaffwk,0,0,0,0
t1_ir6lwme,0,0,0,1
t1_iok3zl7,0,0,0,0
t1_fzzs7c6,0,0,0,0
t1_g5l4pkb,0,0,0,0
t1_j8jbb8i,2,2,0,0
t1_f7zjbj2,0,0,0,0
t1_k0y3o9w,2,0,0,1
t1_hgqq5ml,0,0,0,0
t1_fv369q4,0,0,0,1
t1_gu8owot,0,0,0,0
t1_hfpa1dl,0,0,0,1
t1_d4132ch,2,0,0,0
t1_fkhdbl1,0,0,0,2
t1_h6vaerj,0,0,0,0
t1_jx5k828,0,0,0,1
t1_kc4imvp,0,0,0,2
t1_g3zhiwj,0,0,0,0
t1_dyo8qrm,0,0,0,0
t1_i27a5vm,0,0,0,0
t1_ellqsv7,0,0,0,1
t1_ecqggdj,1,0,0,0
t1_e244e7c,0,1,0,1
t1_dzz28sn,0,0,0,0
t1_hfpadca,0,0,0,1
t1_jpv0rmr,0,0,0,0
t1_f5lbv48,2,0,0,0
t1_k055t3y,0,0,0,1
t1_jh1rx92,0,1,0,0
t1_evhmgeg,0,0,0,2
t1_g1bnpt9,0,0,0,2
t1_dvx4jq1,0,0,0,0
t1_e87k9bo,0,0,0,0
t1_kec4nix,1,0,0,2
t1_hpe8lgy,0,0,0,0
t1_hfcpljf,0,0,0,2
t1_h8v507t,0,0,0,0
t1_hpa1oyn,0,0,0,0
t1_f8pldfo,0,0,0,0
t1_f0qna2o,0,0,1,0
t1_kbx7thu,0,1,0,1
t1_i052bsi,0,0,0,0
t1_i03ho2k,0,0,0,0
t1_cp0b35p,0,0,0,0
t1_e60zb6j,0,0,0,0
t1_e23rtmj,1,0,0,0
t1_icaef4b,2,0,0,1
t1_eyhpcg2,0,0,0,0
t1_geohdws,0,0,1,1
t1_ei9skns,0,0,0,1
t1_hwmzqh3,0,2,0,0
t1_eg3z4ln,0,0,0,0
t1_fliybvm,0,0,0,0
t1_h6r168z,0,0,0,0
t1_f7elmp1,0,0,0,1
t1_e6fzelv,1,0,0,0
t1_gszeo44,0,0,0,0
t1_g8q6z1f,0,0,0,0
t1_i8i5vpz,0,0,0,0
t1_ezpc6zp,0,0,0,0
t1_j5qa87g,0,0,0,0
t1_d6a1oub,1,0,1,0
t1_e15atoh,1,0,0,1
t1_iar69nc,1,0,0,0
t1_g3qgulc,0,0,0,1
t1_gklwo1a,0,0,0,0
t1_is5cj2w,0,0,0,0
t1_fax8y0n,0,0,0,0
t1_dam0h7s,0,0,0,0
t1_h8ib0fz,0,0,0,0
t1_evmsi5e,0,0,0,0
t1_fssx3ha,0,0,0,0
t1_jw0q45y,1,0,0,1
t1_heaw3yi,0,0,0,0
t1_e7k7x3d,0,0,0,0
t1_e9980mh,0,0,0,0
t1_kfgt3z1,0,0,0,0
t1_gxq4985,0,0,0,0
t1_jh7fftp,0,0,0,0
t1_dy10ac0,0,1,0,0
t1_i1bgv3m,0,0,0,0
t1_gzy7yec,2,0,0,0
t1_gxljgej,0,0,0,0
t1_k6gn3xk,0,0,0,1
t1_es8znqh,0,0,0,0
t1_di0wads,0,0,0,0
t1_ix2pt2q,0,0,0,0
t1_ebbp8uq,0,0,0,1
t1_hbvn25n,2,0,0,0
t1_f32w1m5,0,0,0,0
t1_e8tohxa,0,0,0,1
t1_gyzc1dq,0,0,0,3
t1_jlvlmw2,0,0,0,1
t1_fbvjw16,1,0,0,2
t1_k764qqg,0,0,0,0
t1_e682qpn,0,0,0,1
t1_euyikqc,1,0,0,3
t1_g6or79o,0,0,0,2
t1_jg7d3o4,0,0,0,0
t1_k47vk5s,0,0,0,0
t1_ienlbii,0,0,0,0
t1_j2d40kh,0,0,0,0
t1_fab0qyq,0,1,0,0
t1_dx4y4g6,0,0,0,0
t1_hy7hmzp,0,0,0,0
t1_fja8byl,0,0,0,0
t1_e9eyydp,0,0,0,0
t1_eg4y2ig,0,0,0,0
t1_h02yqjb,0,0,1,1
t1_e01i5l7,0,0,0,1
t1_h8aqb5n,0,0,0,0
t1_fo1zahf,0,0,0,0
t1_hrwwg46,0,1,0,0
t1_f7pnew3,0,0,0,0
t1_ez6pile,0,0,0,0
t1_f6v6ws7,2,0,0,1
t1_gzb9qr4,0,0,0,1
t1_h7uw8da,0,0,0,0
t1_f5rtqj5,0,0,0,0
t1_jbpghpe,0,0,0,3
t1_dripkn6,0,0,0,0
t1_dva0k7n,0,0,0,0
t1_ggyqnid,0,0,0,2
t1_gh3j0er,0,0,0,0
t1_iktl710,0,0,0,0
t1_f8du8u6,1,0,0,0
t1_f7zaqai,0,0,0,1
t1_dzf8dl4,0,0,0,0
t1_dwk9eqm,0,0,0,0
t1_g0m4ir4,0,0,0,0
t1_izxr7qv,1,0,0,0
t1_gny616d,0,0,0,0
t1_g8wgqts,0,0,0,0
t1_ek0xv3u,0,0,0,0
t1_gsk0iw2,0,0,0,0
t1_gxd9k4u,0,0,0,1
t1_gtbhy8i,0,0,0,0
t1_fvwoux8,0,0,0,0
t1_gshqbl4,1,0,0,1
t1_e0gaj1z,0,0,0,1
t1_kbhniqh,0,0,0,0
t1_iv7iuhy,0,0,1,0
t1_hnvwhon,0,0,0,0
t1_eekecxz,0,0,0,2
t1_dzamqar,0,0,0,1
t1_keey40j,0,0,0,1
t1_gvdlzaw,0,0,0,0
t1_ddoajis,0,0,0,0
t1_f3p69fd,1,0,0,1
t1_dwx0ybw,1,0,0,0
t1_gp3kyz5,0,0,2,0
t1_k166z7w,3,0,0,0
t1_ia8j0bo,0,0,1,0
t1_e24toiu,0,0,0,0
t1_h4mvnxs,0,0,0,0
t1_huxa4i2,0,0,0,0
t1_gmpv419,0,0,0,0
t1_huavhzz,0,0,0,0
t1_epito2z,0,0,0,0
t1_f52qybe,0,1,0,2
t1_ih2z2sh,2,0,0,0
t1_e296l4u,0,0,0,0
t1_d2re132,0,0,0,1
t1_e8pvy3n,0,0,0,0
t1_gsjiq4i,0,0,0,0
t1_dw5qjqx,0,0,0,0
t1_jbythji,0,0,0,0
t1_fd6xjg2,0,0,0,0
t1_dsxyg9x,0,0,0,1
t1_hemc05m,0,0,0,0
t1_gx3uezp,1,0,0,1
t1_hbkkvgd,0,0,0,0
t1_gnlufq0,0,1,0,0
t1_emzb72i,0,0,0,0
t1_e3fcxxs,0,0,0,0
t1_jevgk97,0,0,0,0
t1_d8wytyc,0,0,0,2
t1_jn1go6w,0,0,0,0
t1_e1tdd1z,1,0,0,3
t1_e5qetag,0,0,0,0
t1_dy1vjvf,1,0,0,1
t1_ec2x1qs,1,0,0,2
t1_dtu9dp4,0,0,0,0
t1_f6p3vx1,0,0,0,0
t1_iox02zb,0,1,0,0
t1_j965p64,0,0,0,0
t1_gpq8eyl,0,0,0,0
t1_gn3xrj4,0,2,1,0
t1_fv7gvzm,0,0,0,0
t1_glsosku,0,0,0,0
t1_fotbeh5,0,0,0,0
t1_f36bpgp,0,0,0,2
t1_ewuu4g3,1,0,0,0
t1_eziajen,0,0,0,2
t1_gvq9h9w,0,0,0,2
t1_jbk7nfr,0,0,0,0
t1_iu0mggv,0,0,0,0
t1_ewprc6d,0,0,0,0
t1_e4ihl1q,1,0,0,0
t1_e57nrr3,0,0,0,0
t1_hwb68ec,0,0,0,0
t1_ifnuabf,0,1,0,0
t1_e5k2x9q,0,0,0,0
t1_eh5y6ra,0,1,0,0
t1_hf6tpgw,0,0,0,0
t1_gncjyqa,0,0,0,1
t1_jft50ib,0,0,0,0
t1_dye8b90,0,0,0,0
t1_fuu7o89,0,0,0,0
t1_jvjntf9,0,0,0,0
t1_fv495ye,0,0,0,0
t1_gsdv5mo,0,0,0,0
t1_iigfe6x,0,0,0,0
t1_f150p3r,0,0,0,0
t1_hzs2hmw,0,0,0,1
t1_goek6a6,0,0,0,1
t1_gzql3y0,0,0,0,1
t1_g68hmdg,0,0,0,0
t1_fr06d4w,0,0,0,0
t1_j4ytiu6,0,0,0,0
t1_k7zbou2,0,0,0,0
t1_doif3n8,0,0,0,1
t1_gnqrmjp,1,0,0,1
t1_cp9o451,0,0,0,0
t1_hazlwi9,1,0,0,0
t1_gy892be,0,0,0,1
t1_fqz9ymk,0,0,0,0
t1_f94r7wb,1,0,0,0
t1_hl3jcnk,0,0,0,0
t1_k2knzoi,0,0,0,1
t1_ibau7ta,0,0,0,0
t1_gk0n303,0,0,0,1
t1_hl5ru9l,0,0,0,0
t1_hfi4l44,0,1,0,1
t1_gl5eryc,0,0,0,0
t1_gced6yl,0,0,0,0
t1_gxit98k,0,0,0,1
t1_i11t5jp,0,0,0,1
t1_jttyfuc,0,0,0,1
t1_fohe9tw,0,0,0,2
t1_hivrsv1,0,0,0,1
t1_dxfx5ri,0,0,0,0
t1_g4rie2s,0,0,0,3
t1_gvqaex1,0,0,0,1
t1_gy2ledv,0,0,0,2
t1_g36ncu1,0,0,0,0
t1_jabimli,0,0,0,0
t1_gvwmn6w,0,0,0,0
t1_eqj52vl,0,0,0,0
t1_jk42tfn,0,0,0,0
t1_du70bck,0,0,0,0
t1_gjvzibv,0,0,0,0
t1_f8wj0yc,0,0,0,0
t1_gv6kskl,0,0,0,0
t1_febk1y6,0,0,0,0
t1_gngtyol,0,0,0,0
t1_e1ey5gf,0,0,0,0
t1_e4zacmb,0,0,0,0
t1_hnwwjc8,0,0,1,0
t1_h0zkm4a,0,0,0,0
t1_grv8nh7,0,0,0,0
t1_f0218f3,0,0,0,0
t1_gxgwbr6,1,0,0,0
t1_enns0h4,0,0,0,0
t1_g3sqeh2,0,0,0,0
t1_e8goh8m,0,0,1,0
t1_dspgjp8,0,0,0,0
t1_jmdvfyh,1,0,0,2
t1_gt3or1l,0,0,0,1
t1_hgnma38,0,0,0,2
t1_g83gl8d,0,0,0,0
t1_hympdkc,0,0,0,0
t1_dtdz6rz,1,1,0,2
t1_hfxaqyr,0,0,0,1
t1_goh57nz,0,0,0,2
t1_cvjto0l,0,0,0,1
t1_dw6cz1v,0,0,0,1
t1_hzovtm3,0,0,0,0
t1_dwnlhep,0,1,0,0
t1_id3dtoj,2,0,0,0
t1_hfs61xw,0,0,0,1
t1_e84gvx0,0,0,0,0
t1_jumi3ii,1,0,0,0
t1_huei40j,0,0,0,0
t1_grzjsoy,0,0,0,0
t1_k6w79lu,0,0,0,0
t1_g6opqrt,0,0,0,2
t1_fo64zu2,0,1,0,0
t1_g3kn0vu,0,0,0,0
t1_i4q2v88,2,0,0,0
t1_fggkf08,0,1,0,3
t1_fajf7bn,0,0,0,0
t1_cz5p2k5,1,0,0,1
t1_fi8qz7n,0,0,0,0
t1_fxtnk9m,0,0,0,0
t1_e0i1f3n,0,0,1,0
t1_ftp4pwf,0,0,1,1
t1_gt7giae,0,0,0,0
t1_emcerl8,0,0,0,0
t1_kf9jb3y,0,0,1,0
t1_hgnmf10,0,0,0,2
t1_k7imr2k,0,0,0,1
t1_fprwbmo,0,0,0,1
t1_imt5so7,0,0,0,0
t1_hemfft1,0,0,0,1
t1_gxq6chn,1,0,0,0
t1_gte7ag3,0,0,0,0
t1_ecblbkx,0,0,0,0
t1_e8l4oh6,0,0,0,1
t1_jsq0rd8,0,0,0,0
t1_hmp43v2,3,0,0,0
t1_ds804f1,0,0,0,0
t1_hnmn7ce,0,0,0,0
t1_j4nv7rw,0,0,0,0
t1_dxfd95y,1,0,0,1
t1_ds6qrty,0,0,0,2
t1_jgcaxki,0,1,0,0
t1_f82g0y5,0,0,0,0
t1_hks81hn,0,0,0,0
t1_g45ol7o,0,0,0,0
t1_he8el7w,0,0,0,0
t1_gncdmbt,1,0,1,0
t1_kei0r8d,0,0,0,0
t1_f1i278c,0,0,0,0
t1_gsbfmpv,0,0,0,0
t1_jlligan,1,0,1,2
t1_jsulv17,0,0,0,0
t1_kel3t9x,0,0,0,0
t1_e828gs8,0,0,0,2
t1_fcqqn7h,0,0,0,0
t1_g6gskob,0,0,0,0
t1_fomlxd6,0,0,0,0
t1_e1dge6d,0,1,0,0
t1_g3ylbke,0,0,0,0
t1_exqcdsk,0,0,0,1
t1_fpr1afc,0,0,0,0
t1_gyh3fay,0,0,0,1
t1_hyo8vb8,0,1,0,0
t1_fo1y7yd,0,0,0,0
t1_e44cj3r,1,0,0,2
t1_gz178t5,0,0,1,0
t1_dvqpv8w,0,0,0,0
t1_g7igje2,0,0,0,0
t1_gxidh0i,2,0,0,0
t1_f32c3rv,0,0,0,0
t1_kaab6tv,0,0,0,0
t1_ghav9cv,0,0,0,0
t1_j3e006h,0,0,0,0
t1_fgmtqhl,0,0,0,0
t1_el727kd,2,0,0,0
t1_e7nmyya,0,0,0,0
t1_irzrfko,0,0,0,0
t1_hnel8u8,0,1,0,0
t1_go1g852,0,0,0,0
t1_j75coaw,0,0,0,0
t1_dw2lyid,0,0,0,0
t1_dfm2agq,0,0,0,0
t1_d560jmc,0,0,0,2
t1_gh7c2g8,1,0,0,0
t1_ilqjl58,0,0,0,2
t1_go71git,0,0,0,0
t1_ebi747y,0,0,0,0
t1_hf5seci,0,0,0,1
t1_g0k0h04,0,0,0,0
t1_e0mo1dn,0,0,0,0
t1_ekkucm0,0,0,0,0
t1_foc7ppu,0,0,1,2
t1_gztgvur,0,0,0,0
t1_fpd6k6p,0,0,0,0
t1_hm8y2ci,0,0,0,0
t1_kaw3zj9,0,0,0,0
t1_hd23p3d,0,0,0,0
t1_e0ujkq7,0,0,0,0
t1_ihnc5s6,0,0,0,0
t1_k6uf9yu,2,1,0,1
t1_es98dxq,0,0,0,0
t1_f0n326t,0,0,0,1
t1_g36n90z,0,0,0,0
t1_gkticp9,0,0,2,1
t1_kd3281t,0,0,0,0
t1_kejj60o,0,0,0,1
t1_g18bny8,0,0,0,0
t1_jfyjapq,0,0,0,0
t1_flcsmg9,0,0,0,0
t1_fyc2m0k,0,0,0,0
t1_istc1q7,0,0,0,0
t1_ejzgyrf,0,0,0,1
t1_geneqwv,0,0,0,2
t1_dvsuxk3,0,0,0,2
t1_et65xip,0,0,0,1
t1_evuz5ri,0,0,0,0
t1_ecxyg04,1,0,0,0
t1_gc3hq51,2,0,0,0
t1_kde9e1k,0,0,0,1
t1_gujxex1,4,0,0,0
t1_dvghb5p,0,0,0,1
t1_cl7ew45,2,0,0,0
t1_fog84ez,0,0,0,0
t1_jml4kdk,0,0,0,0
t1_fxubwiu,0,0,0,0
t1_gtdk2uk,6,0,0,1
t1_ez8owhh,1,0,0,0
t1_hxp8ebt,0,0,0,0
t1_iui1vok,0,0,0,0
t1_eqh38rn,0,0,1,0
t1_igi2k4x,1,0,0,0
t1_i874xl5,0,0,0,0
t1_eb37rl3,0,0,0,0
t1_j8ig4z9,0,0,0,0
t1_jcut5y8,0,0,0,1
t1_gm3ly35,0,0,0,0
t1_etxu3kc,0,0,0,0
t1_jvh571m,0,0,0,0
t1_gk327dk,3,0,0,1
t1_hi5t85f,0,0,0,0
t1_kctgi9r,0,0,0,1
t1_hlpywha,0,0,0,0
t1_ec4vwzg,0,0,0,0
t1_jmiye7s,1,0,0,0
t1_gkqa4yf,0,0,0,3
t1_c911sly,0,0,0,0
t1_gngvhgm,0,0,0,1
t1_gzlpldq,0,0,0,0
t1_dz342q6,0,0,0,0
t1_jo70t7i,0,0,0,0
t1_e42kyg1,0,0,0,0
t1_ftbgw5p,0,0,0,1
t1_gu8es2n,0,0,0,0
t1_gr8vb8v,0,0,0,0
t1_fdp1fg9,2,0,0,0
t1_hfvi2x4,0,0,0,0
t1_fcwp2kr,1,0,0,0
t1_gxq6dva,1,0,0,0
t1_dxfjicg,0,0,0,0
t1_k83jz0w,0,0,0,0
t1_hpy4mjn,0,0,0,0
t1_e8huxtg,1,0,1,0
t1_d1kbwwo,0,0,0,0
t1_e9r3b0x,0,0,0,0
t1_dxo2csn,0,0,0,0
t1_gt3st0c,0,0,0,0
t1_hv58nwq,0,0,0,0
t1_fvqt3m8,1,0,0,0
t1_gx5f9fx,0,1,1,0
t1_gt3fp2x,2,0,0,0
t1_g7grva3,0,0,2,3
t1_ix8gc7d,0,0,0,1
t1_dzynu5k,0,0,0,1
t1_honhz2u,0,0,0,0
t1_gz175i9,0,0,1,0
t1_gfnj6eo,0,1,0,0
t1_hd23mx8,0,0,0,0
t1_he89xx9,1,1,0,2
t1_gb9i1ne,0,0,0,0
t1_esafso6,1,0,0,0
t1_ev4q5wf,0,0,0,0
t1_h4lvv8q,0,0,0,0
t1_i1sa26m,0,0,0,0
t1_kcobm84,0,0,0,2
t1_gxebg2f,0,0,0,0
t1_gt2u7an,0,0,0,0
t1_ekj0eeq,0,0,0,0
t1_f84e0v4,0,0,0,2
t1_gxidb3i,2,0,0,0
t1_iuqzsip,0,0,1,0
t1_kbl8inp,0,0,0,2
t1_hgnse9p,0,0,0,2
t1_gz13izl,0,0,0,0
t1_eox4r66,0,0,0,0
t1_ekzqfw6,2,0,0,2
t1_go1vbvi,0,0,0,1
t1_hxhlmjg,0,0,0,1
t1_h9yc1r9,0,0,0,0
t1_hg0l9a8,0,0,1,0
t1_crsecuj,0,0,0,0
t1_dso1u85,0,0,1,1
t1_hi4d9j4,0,0,0,0
t1_gqor6z4,2,0,0,2
t1_k1jjkb4,0,0,0,2
t1_gt65znd,0,0,0,1
t1_jil156a,0,0,0,1
t1_g1ir19n,0,0,0,0
t1_gnpwbhb,0,0,0,0
t1_gjus4uo,0,0,0,1
t1_i1n1hm4,0,0,0,0
t1_dzdacuz,0,1,1,2
t1_ik5m9qx,0,0,0,1
t1_gbukho5,0,0,0,0
t1_j9hbvvr,2,0,0,0
t1_eac1hkd,0,0,0,0
t1_jfyjgye,0,0,0,0
t1_gvtptr5,0,0,0,0
t1_eyir0oi,0,0,0,0
t1_gscbh2b,1,0,2,1
t1_e7mq9to,0,0,0,0
t1_dw374sc,7,0,0,3
t1_gr12phj,2,0,0,1
t1_hq93dnc,0,0,0,0
t1_injf7q6,0,0,0,1
t1_itlxg7p,0,0,0,0
t1_fwv5eov,0,0,0,1
t1_e8ddm5q,0,1,0,4
t1_gvq5rqz,0,0,0,1
t1_ek2ywfx,0,1,0,1
t1_dzjngn0,0,0,0,1
t1_ie3gq3j,0,0,0,0
t1_gk3tiht,2,0,0,1
t1_irtxbf9,0,0,0,0
t1_g7w2pu6,0,0,0,1
t1_evuxw4h,0,0,0,0
t1_clob1fe,0,0,0,0
t1_dt044ab,0,0,0,0
t1_dspvru7,0,1,0,0
t1_jzllltt,1,0,0,0
t1_g6s1zrm,0,0,0,0
t1_e66xfi0,0,0,0,0
t1_fed52l4,0,0,0,0
t1_f5gwocd,0,0,0,1
t1_f6ppndm,0,0,0,0
t1_jprpz0x,0,0,0,0
t1_ee6hptk,0,0,0,0
t1_f4yf6qc,0,0,0,1
t1_h06pi9d,2,0,0,0
t1_hmz0f2y,1,0,0,2
t1_g42zunj,0,0,0,0
t1_i0dmnb4,0,0,0,0
t1_e883cog,0,0,1,0
t1_dti8p7y,0,0,1,1
t1_dzmds96,0,0,0,0
t1_fv21p9l,0,0,0,0
t1_fdeipbs,0,0,0,0
t1_f3cypbj,2,0,0,1
t1_ftewg90,0,0,0,0
t1_gikr5s8,0,0,0,1
t1_hfplmnc,0,0,0,0
t1_i4x9bob,0,0,0,0
t1_k6hj02m,2,0,2,1
t1_ey24zvr,0,0,1,1
t1_d80n210,0,0,0,1
t1_g9cyavj,0,0,0,0
t1_ipzauyc,1,0,0,1
t1_f5fifnj,0,0,0,1
t1_hf5t4hb,0,0,0,1
t1_f0svg0c,0,0,0,1
t1_jiq3a2m,0,1,0,1
t1_f2u9ls0,0,0,0,0
t1_k15rdjt,0,0,0,1
t1_eh5x2lw,0,1,0,0
t1_hemumpw,0,0,0,0
t1_h1zw81r,0,0,0,0
t1_k3boexm,2,0,0,1
t1_d3wpt1f,2,0,0,1
t1_kdebbqr,0,0,0,2
t1_fw8gonu,0,0,0,3
t1_h9yc5oo,0,0,0,0
t1_gt6dvdh,0,0,0,1
t1_gujnisz,1,0,0,0
t1_g2kw636,0,0,0,0
t1_dzrzb8g,0,0,0,0
t1_hwj7wl1,0,0,0,0
t1_hski6zz,1,0,0,0
t1_i2fop1x,0,0,0,2
t1_fvedfcd,3,0,0,1
t1_jrjzkdh,1,0,0,0
t1_e1h0zy9,0,0,0,1
t1_faejhk5,0,0,0,0
t1_gcga1cd,1,0,0,0
t1_ipkdlct,0,0,0,0
t1_gtj4jeh,0,0,0,2
t1_k5lhv4u,0,0,0,0
t1_g05yfv5,0,0,0,1
t1_gxd3zbv,2,0,0,0
t1_g4dxixb,2,0,0,2
t1_ht55bo5,0,0,0,0
t1_k81myby,1,0,0,1
t1_gs8wgm8,1,0,0,2
t1_hkbn7wp,0,0,0,0
t1_gkz3cf9,0,0,0,0
t1_gqvpjzf,0,0,0,0
t1_gyfy9o3,0,0,0,1
t1_ebjkudb,0,0,0,1
t1_he8n2o9,0,0,0,0
t1_gxef726,0,0,0,1
t1_hm9v7ew,0,0,0,1
t1_kb7rmop,0,0,1,0
t1_esbfdmm,2,0,0,0
t1_glbv7kn,1,0,0,1
t1_ectely3,0,0,0,1
t1_e3xhzij,0,0,0,1
t1_gu6etka,0,0,0,0
t1_geex7jn,0,0,0,0
t1_hhagjqv,0,0,0,1
t1_j1i3asa,0,0,0,2
t1_dyp9yp5,2,0,0,0
t1_g4gn8jp,0,0,0,0
t1_d02ig4q,0,0,0,0
t1_gqxrx4v,0,0,0,0
t1_gvq98f5,0,0,0,2
t1_cyjecij,0,0,0,0
t1_ezvfwos,0,0,0,1
t1_gtb8z1h,1,0,0,0
t1_gsyxdg2,0,0,0,5
t1_gy974t6,0,0,0,2
t1_hm2kviq,0,0,0,0
t1_eb8kg9c,0,0,0,1
t1_dtxxenf,0,0,0,0
t1_jkhl847,0,0,0,1
t1_kalwq0n,0,0,0,0
t1_f6xoluu,0,0,0,0
t1_hnmdjna,0,0,0,0
t1_gsypms1,0,0,0,0
t1_erkidj3,0,0,0,0
t1_j7adew8,1,0,0,0
t1_fxgzjf4,0,1,0,0
t1_k6jr8br,0,1,0,1
t1_fo1y19x,0,0,0,0
t1_jlyonlf,1,0,1,0
t1_f0p1o62,0,0,0,0
t1_gxidrll,2,0,0,0
t1_focsyf4,0,0,0,0
t1_kagh2v3,0,3,0,1
t1_jp33i3e,0,0,0,0
t1_ja8p06t,1,0,0,1
t1_gvttaco,0,0,0,1
t1_gx3ts6a,2,0,0,3
t1_kbfz7db,0,0,0,0
t1_gcib42a,1,0,0,0
t1_jmlqmja,0,0,0,0
t1_cxzpuf8,0,0,0,0
t1_eckf9dw,1,0,0,0
t1_jhp6nck,0,0,0,0
t1_jrfma0j,0,0,0,0
t1_jed2439,0,0,2,0
t1_jps02h7,0,0,0,2
t1_gb0jiyd,1,0,0,1
t1_kc8d495,1,0,0,0
t1_f7hgu94,0,0,0,1
t1_gtac1ez,1,0,0,2
t1_dwgcfzk,0,0,0,0
t1_e399gka,0,0,0,1
t1_efj54fr,0,0,0,1
t1_h449by9,1,0,0,0
t1_j8ym8ul,0,0,0,0
t1_fqwpjkz,0,0,0,0
t1_emy2ftc,0,0,0,0
t1_i2rjywd,0,0,0,0
t1_d2dye9q,0,0,0,1
t1_dum7d2m,0,0,0,0
t1_e7b4py7,0,0,0,0
t1_fz31bwt,0,0,0,0
t1_jbabwz3,0,0,0,0
t1_izgweld,0,1,0,1
t1_ihsfua1,0,0,0,0
t1_irakgku,0,0,0,0
t1_hlfwh82,0,0,0,0
t1_grzeb38,1,0,0,1
t1_ept96pu,0,0,0,0
t1_e2zok2d,1,0,0,2
t1_eidgfk0,0,0,0,0
t1_fo5ioe5,0,0,0,0
t1_gnq5dca,0,1,0,1
t1_jntyhkd,0,2,0,0
t1_kb75zqy,0,0,0,0
t1_gt2seyp,0,0,0,0
t1_gl44zio,2,0,0,1
t1_k6ntofu,0,0,0,0
t1_jmiosd4,0,0,0,2
t1_jiykl4j,0,0,0,0
t1_hfwvtpq,0,0,0,2
t1_he6bn4n,0,0,0,0
t1_etn0b69,0,0,0,1
t1_h0ye9qi,0,0,0,0
t1_gan0868,0,0,0,0
t1_gt74hev,0,0,0,1
t1_iu9muqj,1,0,0,0
t1_gc26su3,0,0,0,1
t1_h318su7,1,0,1,1
t1_fljzt9i,0,0,0,0
t1_gt3fxpx,1,0,0,0
t1_harqy6m,4,0,0,1
t1_fm77oyh,0,0,0,0
t1_e5n8kzl,0,0,0,0
t1_cjo20mz,0,0,0,0
t1_eflzkl3,0,0,0,0
t1_e89lu01,0,0,0,1
t1_h1r6rek,0,0,0,0
t1_ds2aqxf,0,0,0,0
t1_exfcuka,1,0,0,2
t1_gzfgt65,1,0,0,3
t1_ikhrlnu,1,0,0,0
t1_hgdtk8u,1,0,0,0
t1_j6i85t6,1,0,0,1
t1_dxbfss4,0,1,0,0
t1_kanb5fh,0,0,0,0
t1_dflctcf,0,0,0,0
t1_f09c3oc,0,0,0,0
t1_k26rhnv,0,0,0,0
t1_e7b5gu4,0,0,0,1
t1_ey5lll2,0,0,0,1
t1_iahxfuq,1,0,0,2
t1_g85z8sl,0,0,0,0
t1_gjn25g8,0,0,0,0
t1_gsihpsd,1,0,0,0
t1_fc4m35f,0,0,0,0
t1_fkasum1,0,0,0,0
t1_d2odas9,0,0,0,0
t1_igad9lf,0,0,0,0
t1_fvpox2v,0,0,0,1
t1_eevt1h1,0,0,0,0
t1_dwr2hul,0,0,0,0
t1_dwkdz1y,0,0,0,0
t1_jd4e1rk,1,1,1,1
t1_fdlf58l,0,0,0,0
t1_ibr3h5a,0,0,2,3
t1_hgvmqv5,0,0,1,2
t1_et51gb7,0,0,0,1
t1_f76px00,0,0,0,0
t1_ezaowcf,0,0,0,0
t1_gboo7yh,0,0,0,0
t1_gx32dqr,0,0,0,2
t1_g3qutf6,0,0,0,0
t1_dx73xym,0,0,1,0
t1_hqg51cm,0,0,0,0
t1_e3g2hoq,0,0,0,0
t1_d1z72ut,0,0,0,0
t1_dtiyukh,0,0,0,0
t1_f7mhfqg,0,0,0,0
t1_hx89t3m,0,0,0,0
t1_ji5zu3o,0,0,0,0
t1_jgjssv9,0,0,0,0
t1_ecqh23r,0,0,0,1
t1_ex6ypyb,0,0,0,0
t1_jy114yn,0,0,0,2
t1_fz2nnut,0,0,0,0
t1_gmr24ws,0,0,0,0
t1_dzus7a9,0,0,0,1
t1_jifup35,0,0,0,0
t1_fpt23gw,0,0,0,0
t1_k5jqdng,0,0,0,1
t1_dpzhppp,0,0,1,0
t1_h8ogbzf,1,0,1,1
t1_jfjyadp,0,0,0,1
t1_gisxy30,0,0,0,2
t1_jumir45,1,0,0,0
t1_e40u5hk,0,1,0,0
t1_gv28ztq,0,0,0,1
t1_jgu3je5,2,0,0,1
t1_i6ez2cw,0,1,0,3
t1_g3w6y6w,0,0,0,2
t1_dicooxf,0,0,0,0
t1_cxcwsmw,0,0,0,1
t1_dp8dh7l,0,0,0,0
t1_ffvb5pr,0,0,0,0
t1_gxoevwy,0,0,0,5
t1_ir19bs6,0,0,0,0
t1_fqcjsnr,0,0,0,0
t1_epiu9zy,0,0,0,0
t1_gtgrxs3,1,2,0,1
t1_hy1qqxs,0,0,0,1
t1_g4am6if,0,0,0,0
t1_howxfds,0,0,0,0
t1_hoo8yfv,0,0,0,1
t1_hg0kkuj,0,0,0,1
t1_hg0l84c,0,0,0,1
t1_hlc3hbc,0,0,0,0
t1_gc8g0tz,1,0,1,0
t1_eg7vw9d,0,0,0,1
t1_k3rq183,1,0,0,0
t1_eu5tt7g,0,0,0,0
t1_hf6t852,0,0,0,0
t1_g0pb1bn,2,0,0,0
t1_jed1bk6,0,0,2,0
t1_fnwt7z6,0,0,0,0
t1_k2d17jz,0,0,0,0
t1_jikjg3s,2,0,0,0
t1_e2fgubo,0,0,0,0
t1_k7ifxz9,0,0,0,0
t1_ele3v9o,0,0,0,0
t1_gvq5mg0,0,0,0,1
t1_gxklosu,1,0,0,1
t1_f9b2zh8,0,1,0,0
t1_emksy92,0,0,0,0
t1_gufpuie,0,0,0,2
t1_ibj6t6i,0,0,0,1
t1_gu8ea7e,0,0,0,1
t1_hm254zx,0,0,0,0
t1_dzh0psp,0,0,0,1
t1_fb689r5,0,0,0,1
t1_gyrc8hk,0,0,0,1
t1_dy74uqc,0,0,1,2
t1_jraxqgr,0,0,0,0
t1_gbys40f,0,0,0,0
t1_e390jy4,0,0,0,0
t1_icqh4om,2,0,0,0
t1_exiixvj,1,0,0,0
t1_jsh4nf1,0,0,0,0
t1_h7cx44m,1,0,0,0
t1_h9yc46m,0,0,0,0
t1_jayge8u,0,0,0,1
t1_eur5zb8,0,0,0,0
t1_hjyjayu,0,1,0,1
t1_ibtsakd,0,0,0,0
t1_ew5o3zf,0,0,0,1
t1_g4w3kop,0,0,0,0
t1_jf8ewsk,0,0,0,0
t1_gkzii57,0,0,0,0
t1_fzvie0m,1,0,0,0
t1_hvdbhzd,0,0,0,0
t1_gxc6pm7,1,1,1,0
t1_ea8qooq,0,0,0,0
t1_euqbtx8,0,0,0,0
t1_dsu6gea,0,0,0,1
t1_k2kncfb,0,0,0,1
t1_hgnn0ca,0,0,0,2
t1_gtqa1c4,0,0,0,0
t1_jdijyir,0,0,0,1
t1_gg1xctq,0,0,0,2
t1_di0tf0w,0,0,0,0
t1_hmkdoaj,0,0,0,1
t1_dvmxtkp,0,0,0,0
t1_gnzeau1,2,0,0,1
t1_gti8t2s,1,0,0,0
t1_jyv5s36,1,0,0,0
t1_kc4rnom,0,0,0,0
t1_jgd1w5c,0,0,0,0
t1_hr8hp7k,0,0,0,0
t1_kfr3rpg,0,0,0,0
t1_ghx9iix,1,0,0,2
t1_girn761,0,0,0,2
t1_jkzy8y0,0,0,0,0
t1_k41y1w0,0,0,0,0
t1_dv5ircm,1,0,1,0
t1_gthr1lw,0,0,0,0
t1_eryh0q0,0,0,0,1
t1_dwvwcc1,0,0,0,0
t1_fdozq1x,0,0,0,0
t1_du0xjc4,0,0,1,0
t1_h7q6cnw,0,0,0,2
t1_f6p3ul1,0,0,0,1
t1_i3vrtci,2,0,0,0
t1_kei3mp6,0,0,0,0
t1_j0mm67k,0,0,0,0
t1_gru6jor,0,0,0,0
t1_e83mhq9,0,0,0,0
t1_dy393qs,0,0,0,1
t1_eqmd4u2,0,0,0,0
t1_hru767g,0,0,0,0
t1_fwa4gqt,0,0,0,0
t1_jh57d37,0,1,0,0
t1_fed41tf,0,0,0,0
t1_guhjius,0,0,0,0
t1_gxdbfon,0,0,0,0
t1_grux0lh,0,0,0,0
t1_fdt05co,1,0,0,0
t1_exagppq,0,0,0,1
t1_cwkcalg,0,0,0,0
t1_k6u773a,0,0,0,0
t1_dqlmrfp,0,0,0,0
t1_hzw41mn,0,0,0,1
t1_eyelvev,0,0,0,0
t1_diebx8y,0,0,0,1
t1_dzofg1a,0,0,0,0
t1_gbsfufc,0,0,0,1
t1_iv7fmry,0,0,1,0
t1_ivaf0yr,0,0,0,0
t1_gxljkuk,0,0,0,0
t1_hvaeb40,1,0,0,0
t1_eutiq8t,0,0,0,0
t1_h17bkg7,0,0,0,0
t1_hl44mw5,0,0,0,1
t1_e09yucu,0,0,0,0
t1_inm8hm3,0,0,0,0
t1_hhtd880,0,0,0,0
t1_gxd9iny,0,0,0,1
t1_erojsmh,0,0,0,1
t1_f5x3kqq,0,0,0,0
t1_huihxt7,0,0,0,0
t1_ino5ury,0,0,0,0
t1_iukf0bt,0,0,0,0
t1_gny9w6i,0,0,0,0
t1_euffflx,1,0,0,0
t1_ekzj0w3,0,0,0,0
t1_dv52oyg,0,0,0,0
t1_e4xcv8h,0,0,0,1
t1_ialtcxq,0,0,0,2
t1_fsxo0dp,0,0,0,1
t1_kak50al,0,0,0,2
t1_gw2t76k,0,0,0,0
t1_j468enl,0,0,1,1
t1_hg0kqc9,0,0,0,1
t1_gvdyqti,1,0,0,0
t1_fnpdxah,0,0,0,0
t1_kde6dk3,0,0,0,1
t1_enhapvn,0,0,0,0
t1_ex53tdk,0,0,0,0
t1_inbwxt1,0,0,0,0
t1_j5ucj88,0,0,0,0
t1_gvdk1rj,0,0,0,1
t1_h87wuuf,0,0,0,1
t1_i93tc96,0,0,0,0
t1_ezu2gtr,0,0,0,2
t1_gjusp8f,0,0,0,1
t1_gkxith8,0,0,0,5
t1_ffurfu0,0,0,0,0
t1_gvdybd6,0,0,0,0
t1_exiozm7,0,0,0,0
t1_gxbc5d7,0,0,0,1
t1_kfkui6e,0,0,0,0
t1_e3f3qay,0,0,0,0
t1_fvy5ilb,0,0,0,0
t1_jlgd7c0,0,0,1,0
t1_gyl5nvu,1,0,0,0
t1_johr9g7,0,0,0,0
t1_emy97tj,0,0,0,0
t1_e43isyj,0,0,0,0
t1_j98wv86,0,0,0,1
t1_dk4f13q,0,0,0,1
t1_jbid49b,0,0,0,0
t1_h9ybqe7,0,0,0,0
t1_k9lz1kz,0,0,0,0
t1_h5nxa6r,1,1,0,0
t1_hfszr26,0,0,0,1
t1_imwd43s,0,0,0,1
t1_g1gtskh,0,1,0,0
t1_fvvwmd7,0,0,0,1
t1_jeh92lw,0,0,0,0
t1_gxljv68,0,0,1,1
t1_e2tgn2x,0,0,0,0
t1_ecqu4ne,0,0,0,2
t1_j5sxio3,0,1,0,1
t1_gqurlxb,0,0,0,0
t1_ijn6u4f,1,0,0,1
t1_gxd8kq4,1,0,0,0
t1_dl1jd31,0,0,0,1
t1_h5w43gd,0,1,0,0
t1_immj2qa,0,0,0,0
t1_e0qho6h,0,0,0,0
t1_geasb34,0,0,0,0
t1_etbyfam,0,0,1,0
t1_ebmj8s4,0,0,0,1
t1_fyqgpgd,0,0,0,1
t1_kc0ct8j,0,0,0,0
t1_hadbv5m,0,0,0,0
t1_iwx22z4,0,0,0,0
t1_f0nkl9e,1,0,0,0
t1_dwjes1m,0,0,0,0
t1_ivl20c7,0,0,1,1
t1_i04pj4v,0,0,0,1
t1_g4rvc89,0,0,0,0
t1_ii89k89,0,0,0,0
t1_heawbke,0,0,0,0
t1_dzs76tc,0,0,0,0
t1_f15yxil,0,0,0,0
t1_eya796u,0,0,0,0
t1_e4j7j75,0,0,0,1
t1_gyh4731,0,0,0,1
t1_iun9i9t,0,0,0,1
t1_ejflalz,0,0,0,1
t1_j8pkpz4,0,0,0,0
t1_gnlf1w7,0,0,0,0
t1_ib9fbnv,0,0,0,0
t1_jgmt9vw,0,0,0,0
t1_gzq4qbj,0,0,0,0
t1_ef7tvwt,0,0,0,1
t1_gd3a1im,0,0,0,0
t1_g9t3m81,0,0,0,0
t1_f7avfmg,0,0,0,0
t1_ja7zgep,0,0,0,0
t1_dk957s4,0,0,0,0
t1_f8e75di,0,1,1,0
t1_h6g00li,0,0,0,2
t1_kb88zba,0,0,0,0
t1_gq4m4c7,0,0,0,0
t1_g6wzgf1,0,0,0,0
t1_kefz79c,0,0,0,0
t1_i0slrpz,1,0,0,0
t1_hfpavwq,0,0,0,1
t1_hxsn67q,0,0,0,0
t1_eo9w9jc,0,0,0,0
t1_gsih0dt,0,0,0,1
t1_guorbi1,0,0,0,0
t1_duz6xqn,0,0,0,1
t1_e2momt5,0,0,0,0
t1_heaw6an,0,0,0,0
t1_dp0t655,0,0,0,0
t1_itq73rp,0,0,0,0
t1_eclxulv,0,0,0,0
t1_htwwxhl,0,0,0,1
t1_glu1ikf,0,0,0,0
t1_i6p1fbq,0,0,0,0
t1_gg5vpo2,0,0,0,0
t1_hh1czm0,0,0,0,0
t1_j43ifsc,0,0,0,1
t1_jfuqite,0,3,0,2
t1_iktl5wg,0,0,0,0
t1_j8fn3kf,0,0,0,0
t1_hwfmek6,0,0,0,0
t1_f3118lb,0,0,0,0
t1_iirj3g5,0,0,0,3
t1_kdel1wj,0,0,0,0
t1_ged5j24,0,0,0,1
t1_iw57k97,0,0,0,1
t1_e33d68o,0,0,0,0
t1_frcvsos,0,0,0,1
t1_idbazpy,1,0,0,0
t1_fy84d9p,0,0,0,1
t1_hgnt2hn,0,0,0,0
t1_dgjhaqp,0,1,0,0
t1_inl9da7,0,0,1,0
t1_erqer2k,1,0,0,0
t1_gnd641q,6,0,0,1
t1_ctsjmpi,1,0,0,0
t1_eih6xa2,0,1,0,0
t1_fvvcpfe,0,0,0,0
t1_fz4d5af,0,0,0,1
t1_k9mnjkj,0,0,0,1
t1_gffegod,0,0,0,0
t1_el2xr0g,0,0,0,2
t1_kd9reh7,0,0,0,3
t1_dsqdn6h,0,1,1,0
t1_k9bcleb,0,0,0,0
t1_gtoga4n,0,0,0,0
t1_ivr5p1o,1,0,0,2
t1_iktl809,0,0,0,0
t1_fthhmax,0,0,0,0
t1_dw8ojqz,0,0,0,1
t1_kema2f1,1,0,0,1
t1_jizifs5,0,0,0,1
t1_gdm8c9x,0,0,0,0
t1_h75nq68,1,1,0,0
t1_floiprs,0,0,0,0
t1_ds6snwt,1,0,0,1
t1_hov10ip,3,0,0,0
t1_hkyfi2n,0,0,0,1
t1_hfap2ba,0,0,0,0
t1_kf54yml,0,0,0,1
t1_hwyxi2a,0,0,0,1
t1_ejjbjc4,0,0,0,0
t1_kddshbs,0,0,0,1
t1_ihuuj43,0,0,0,0
t1_e9sorvo,0,0,0,0
t1_ggs1834,0,0,0,0
t1_gvtomez,0,0,0,0
t1_ite66co,0,0,0,0
t1_elr4ex7,0,0,0,0
t1_hexc4is,0,0,0,0
t1_he7jxk8,0,0,0,0
t1_e2z8h1j,0,0,0,0
t1_fe5qry9,0,0,0,3
t1_dtqffjs,0,0,0,0
t1_dvo5d24,1,0,0,0
t1_emntjd4,0,0,0,0
t1_hd839q5,0,0,0,1
t1_e69rpxk,0,0,0,0
t1_hru9mlm,0,0,0,2
t1_dzksc2z,0,0,0,0
t1_ibdbhxh,3,0,0,0
t1_gtu3dvo,0,0,1,3
t1_e6p4ziz,0,0,0,0
t1_fyc7n4p,0,0,0,0
t1_e6t9p6s,0,0,0,1
t1_gdckh2h,0,0,0,0
t1_i3p8qqq,0,0,0,0
t1_hu00gb8,0,0,0,1
t1_h3dit84,0,0,0,1
t1_itp1zb2,0,0,0,1
t1_gx4gv0j,0,0,0,1
t1_iok3xl9,0,0,0,0
t1_f5ug1nd,0,0,0,0
t1_fupt4t6,0,1,0,0
t1_inqk54o,0,0,0,0
t1_j9fa68n,2,0,0,0
t1_e73ov2k,0,0,0,0
t1_e2t5fxj,0,0,2,0
t1_g41pjf0,1,0,0,1
t1_e4np516,0,0,0,0
t1_esiinbd,2,0,0,0
t1_h5f1psu,0,0,0,2
t1_evxsz0z,1,0,0,0
t1_hi4egj3,0,0,0,0
t1_j46883y,0,0,1,1
t1_h4vlhff,0,0,0,1
t1_fbdy1vi,0,0,0,1
t1_g3gjzxu,0,0,0,0
t1_fdhc0dy,0,0,0,1
t1_e4ryc34,0,0,0,0
t1_dipklew,0,1,0,0
t1_k5u6uie,0,0,0,1
t1_jjkrax5,0,1,0,1
t1_hhn0cfg,0,0,0,0
t1_dzeehd7,1,0,1,0
t1_e4dmtmf,0,0,0,0
t1_gnhr7ae,0,0,0,0
t1_gy4k4ra,0,0,0,0
t1_foatypi,2,0,0,0
t1_he8nxcy,0,0,0,0
t1_i0q5up8,0,0,0,1
t1_ibu5a2r,0,0,0,0
t1_ixi3hzd,1,0,0,0
t1_ez4re1h,0,0,0,0
t1_gcqjde6,0,0,0,0
t1_gvsk57y,1,0,0,0
t1_hucdnig,0,0,0,0
t1_gvkc1bv,0,0,0,0
t1_hksl8el,0,1,0,1
t1_fy3ymut,1,0,0,1
t1_hbd5c7a,0,0,0,0
t1_gk52mrr,0,0,0,0
t1_g31deyc,0,0,0,0
t1_gtia97x,0,0,0,0
t1_k6z1u6l,0,0,0,0
t1_gxdb9ek,0,0,0,0
t1_g2xkt0z,0,0,0,0
t1_f33xdmc,0,0,0,0
t1_ehj956t,0,0,0,0
t1_dub46ko,0,0,0,1
t1_i6stg4n,0,0,0,1
t1_jgojurx,0,0,0,0
t1_kb7mn67,0,0,0,1
t1_cjvgu50,0,0,1,1
t1_gncesez,1,0,0,1
t1_hbbacus,0,0,0,1
t1_gxifdus,0,0,0,1
t1_hshg48k,0,0,0,0
t1_figaaqf,0,0,0,2
t1_ek0lmjc,0,0,0,2
t1_isrq6y9,1,0,0,0
t1_ibu4g2y,0,0,0,0
t1_f7fz7kg,0,0,0,1
t1_fwoh6py,1,0,0,0
t1_gzq4te7,0,0,0,0
t1_dvxoi49,0,0,0,1
t1_ewe9ooa,0,0,0,1
t1_ieimagk,0,1,0,0
t1_hfpb04f,0,0,0,1
t1_h87wvoy,0,0,0,1
t1_gny16id,0,0,0,1
t1_e75ax0b,0,0,0,1
t1_e0kuksd,0,0,0,1
t1_gt7hdko,0,0,0,0
t1_dz7h5l6,0,0,1,0
t1_icp4j92,0,0,1,0
t1_dxabi0m,0,0,0,1
t1_fl1r4a3,0,0,0,0
t1_k0257rj,2,0,0,2
t1_gxljsy9,0,0,1,1
t1_e9lzdhn,0,0,0,1
t1_fxljrfy,0,0,0,0
t1_gvcazr1,0,1,0,1
t1_i724qx9,2,1,0,0
t1_fqzo4j8,1,0,0,1
t1_ga87avx,0,0,0,0
t1_dyt04ua,4,0,0,1
t1_gg15cpi,0,0,0,0
t1_jtpnx3z,0,0,0,1
t1_e8ylrnc,0,0,0,0
t1_dzcpmo6,0,0,0,1
t1_hpvccw6,0,0,0,0
t1_hwmp6s6,0,0,0,0
t1_ez8ecp5,0,0,0,1
t1_ibhs1ur,0,1,0,0
t1_geb8hpf,0,0,0,0
t1_k3oqyuw,0,0,0,0
t1_hfpapjt,0,0,0,1
t1_e2e7g3s,0,0,0,0
t1_ducu5l7,0,0,0,0
t1_i9qi47w,0,0,1,1
t1_e0i5dra,2,0,0,1
t1_elm8mdl,4,0,0,0
t1_e2uwyee,1,0,0,1
t1_jxrnz3n,3,0,0,0
t1_jtx49ya,0,0,0,0
t1_clzliob,0,0,0,1
t1_kcapsc7,1,0,0,0
t1_dyjp3rd,0,0,0,0
t1_foegint,0,0,0,2
t1_g3w7xm9,0,0,0,2
t1_fyq4fpl,0,0,0,0
t1_gcvdbo9,2,0,0,0
t1_eme5rgn,0,0,0,0
t1_hzfper7,0,0,0,0
t1_f2ozspc,0,1,1,0
t1_h08ea3z,0,1,0,0
t1_ek41p3d,0,0,0,0
t1_k9odjtu,0,0,0,0
t1_gt2sxuq,0,0,0,0
t1_gd3ir0j,1,0,0,0
t1_h1shmks,1,0,0,0
t1_i6ljgev,0,0,0,0
t1_dm2wm6j,0,0,0,0
t1_gvq9e48,0,0,0,2
t1_g37otor,0,0,0,1
t1_e7p842y,0,0,0,0
t1_ec4pxh9,0,0,0,1
t1_ifjp9lf,0,0,0,0
t1_htn3jda,0,0,0,0
t1_i9vxe9d,0,0,0,0
t1_e17924d,0,0,0,0
t1_j0cnnp7,0,0,0,0
t1_cybrizc,2,1,0,0
t1_gznrzjf,0,0,1,0
t1_kcgzql6,0,0,0,0
t1_ij4fuqp,2,0,1,0
t1_ect7ayw,0,0,0,0
t1_f3qr25q,0,0,0,0
t1_dzvj2vr,0,0,0,0
t1_gxd35fh,1,0,0,0
t1_j4zhiju,0,0,0,0
t1_k82ugn8,0,0,0,1
t1_hkeao58,0,0,0,1
t1_gd9z3wr,0,0,0,0
t1_hitm9p3,0,0,0,0
t1_fp4h3ej,0,0,0,0
t1_gse8juk,0,0,0,1
t1_gfwz4mi,0,0,0,2
t1_ebzmmaw,1,0,0,0
t1_h1tg3wt,1,0,0,2
t1_gfnleie,0,1,0,0
t1_gv1mgk9,0,0,0,0
t1_dt4t1ml,0,0,0,0
t1_hfe1wom,0,0,0,0
t1_gyu8ads,0,0,0,0
t1_ic06veq,0,0,0,1
t1_g56n3w6,0,1,1,0
t1_eyhkmkj,0,0,0,1
t1_eto156w,0,0,0,0
t1_hdqjgw1,0,0,0,0
t1_di0vy6l,0,0,0,0
t1_jcvgzkr,0,0,0,0
t1_hvqizd2,0,0,0,0
t1_f5qp1ad,0,0,0,1
t1_hkv9nar,0,0,0,0
t1_ibu4yx1,0,0,0,0
t1_i50pmy9,0,0,0,0
t1_e8judcl,0,0,0,0
t1_ent1zji,0,0,0,0
t1_gwwobbm,0,0,0,0
t1_j19nj2i,1,0,0,0
t1_e7bhf0t,0,0,0,0
t1_is6pamy,0,0,0,0
t1_dxdsm6n,2,0,0,0
t1_kbb8e3m,0,0,0,1
t1_gx5o5i9,0,0,0,0
t1_hho13kk,0,0,0,2
t1_f8ab8h3,0,0,0,0
t1_f8ny68y,0,0,0,0
t1_jb45k7v,0,0,0,0
t1_hwy7my4,0,0,0,0
t1_ifw6cn9,1,1,0,0
t1_hemfjw1,0,0,0,1
t1_kcjp882,0,1,0,1
t1_fra4703,0,0,0,1
t1_k3n9rfl,0,0,0,0
t1_ewsqhqj,0,0,0,1
t1_eygquor,0,0,0,0
t1_jzi1ivp,0,0,0,0
t1_e5zc8p5,2,0,0,0
t1_fzp0p9m,0,1,0,4
t1_k6srlu5,0,0,0,0
t1_hfx9c9i,0,0,0,1
t1_joy5ola,0,0,0,2
t1_e5en1c2,0,0,0,1
t1_ffxu798,1,0,1,0
t1_jgszjzu,1,0,0,1
t1_f91clcn,0,0,0,0
t1_icap1jx,0,0,0,0
t1_htw601j,0,0,0,1
t1_i9egktz,0,0,0,0
t1_gv56lq2,0,0,0,2
t1_fnc9n35,0,0,0,0
t1_gb9jml8,0,0,0,0
t1_eyxe2yx,1,0,1,0
t1_gq5mf1h,0,0,0,0
t1_fnea3zc,0,0,0,0
t1_g9mg19q,0,0,0,0
t1_f8bkb06,2,0,1,2
t1_e6qm69x,0,0,0,0
t1_fo65h4j,0,0,1,0
t1_ecus7r6,0,0,0,0
t1_jsq82qe,0,0,0,0
t1_frr1rwm,0,0,0,0
t1_euqn7bc,0,0,0,0
t1_ewedxhu,1,0,1,1
t1_ezgjbzb,0,0,0,0
t1_f822hul,1,0,0,1
t1_ejvea52,0,0,0,0
t1_iwvixl0,0,0,0,0
t1_h19q0ru,0,0,0,0
t1_ip42x9c,0,0,0,1
t1_j08g5oh,0,0,0,0
t1_ifr6v1u,0,0,0,0
t1_h2wz8xv,0,1,0,1
t1_ih7yvjn,1,0,0,2
t1_focsvx5,0,0,0,0
t1_ekfrsnp,0,0,0,0
t1_g3koa1r,0,0,0,0
t1_jd3ywaq,0,0,0,0
t1_euide1o,0,2,0,1
t1_jss4kby,0,0,0,0
t1_k5oanm7,0,0,0,2
t1_gs7tgq9,0,0,0,0
t1_k2knpq5,0,0,0,1
t1_e4kvdzg,0,0,0,0
t1_e2zxhza,0,0,0,0
t1_h3kimjf,0,0,0,1
t1_dzvp6zl,1,0,0,1
t1_keznacg,0,0,0,0
t1_keip4y9,0,0,0,0
t1_hi4dgd0,0,0,0,0
t1_gwkki6v,0,0,0,0
t1_j625c6v,0,0,0,0
t1_hzjpqhu,0,0,0,0
t1_jp0qary,0,0,0,0
t1_hd6rrad,0,0,0,1
t1_hnv01yp,0,0,0,0
t1_ij6ryxf,0,0,0,1
t1_fo0rpjx,0,0,0,0
t1_gtnnh0o,0,0,0,1
t1_dvflssh,0,0,0,0
t1_gj969dh,0,0,0,0
t1_h0q3v62,0,0,0,0
t1_em9h6f2,0,0,0,0
t1_gj26k66,0,0,0,3
t1_f8qwsad,0,0,0,0
t1_hx3hcf2,0,0,0,0
t1_keby79n,0,0,0,1
t1_h7jhsqx,0,2,0,0
t1_golnx6v,0,0,0,0
t1_e1aen2x,0,0,0,0
t1_jsxdnq0,3,0,0,1
t1_dnwomd1,1,0,0,0
t1_e6c2jhu,1,0,0,1
t1_g36na53,0,0,0,0
t1_itubiuf,0,0,0,0
t1_fe5zdhc,0,0,0,0
t1_gnlpnji,0,0,0,0
t1_glehu5u,0,0,0,0
t1_e1vgie7,0,0,0,0
t1_d0yhv7g,0,0,0,0
t1_hi3pox8,0,0,0,1
t1_e33ujje,0,0,0,0
t1_gd8cvpw,0,0,0,1
t1_fkd52kw,0,0,0,0
t1_ewx339g,0,0,0,0
t1_hsxybax,0,0,0,0
t1_gi59e36,1,0,0,0
t1_k2u1gsc,0,0,0,0
t1_e1g6fl8,1,0,0,1
t1_g68hk6c,0,0,0,0
t1_g75d9ew,0,0,0,1
t1_hf24xvp,0,0,0,1
t1_ggxv2da,0,0,0,0
t1_i8guyy2,0,0,0,0
t1_k3gi8t5,0,0,0,0
t1_isv9jgi,0,0,0,0
t1_jvpp0tk,1,0,0,1
t1_dyg9max,0,0,0,0
t1_hlspzii,0,0,0,1
t1_g83huxi,0,0,0,0
t1_dxyt4o8,1,0,0,0
t1_dtymwhf,0,0,0,0
t1_iz9cuto,0,0,0,0
t1_h9z3t8s,0,0,0,1
t1_eq0zdn4,0,0,0,1
t1_heifwpb,0,0,0,0
t1_f9o2n2f,0,0,0,0
t1_ec3okf0,0,0,0,0
t1_ilqenqi,0,0,0,2
t1_h0xvcsl,0,1,0,1
t1_f8t6on2,0,0,0,0
t1_eb8hy44,0,0,0,0
t1_f9gvfje,0,0,0,0
t1_cn0alyi,0,0,0,1
t1_gtayyve,0,0,0,1
t1_f46r0ke,0,0,0,0
t1_hgvfb6v,0,0,0,0
t1_iqpe92y,0,0,0,0
t1_e3bxdog,0,0,0,1
t1_hm7dh22,0,0,0,3
t1_e1rbnjn,0,0,0,0
t1_gzq4vfp,0,0,0,0
t1_exi10rb,0,0,0,0
t1_f6te6z0,0,0,0,0
t1_ico0hd2,1,0,0,0
t1_g5h55j5,1,0,0,2
t1_gsk02yd,0,0,0,1
t1_gvdx7ga,0,0,0,0
t1_ijxzvoa,2,0,0,0
t1_egmykdu,0,0,0,0
t1_jyg6by4,0,0,0,1
t1_k2tbru2,0,0,0,0
t1_f1hu9ni,0,0,0,0
t1_gpf0ghz,0,0,0,0
t1_f4qciha,1,0,0,0
t1_gx537x5,0,1,1,0
t1_gp2n00d,0,0,0,0
t1_dxifhqv,0,0,0,0
t1_gvdi21s,0,0,0,0
t1_e132r4w,0,0,0,0
t1_glle6xm,0,0,1,1
t1_iz8se15,0,1,0,1
t1_k95p8ng,0,0,0,0
t1_dsirz4y,0,0,0,1
t1_g8ixhoe,0,0,0,0
t1_e9v4c82,0,0,0,0
t1_guk6ipm,0,0,0,0
t1_ju2vv31,0,0,0,0
t1_h00h043,0,1,0,0
t1_hwgruhs,0,0,0,1
t1_gaf0ucg,0,0,0,0
t1_gzzcusu,4,0,0,0
t1_g9j8n8k,0,0,0,1
t1_djvnqvj,0,0,0,0
t1_gxday7l,1,0,0,1
t1_dxc4p7u,0,0,0,0
t1_ek9wesh,1,0,0,0
t1_ia3rbx5,1,0,0,1
t1_e9td9kv,0,0,0,0
t1_gsdejed,0,0,0,1
t1_f2mnqrq,0,1,0,1
t1_jtolbew,0,0,0,0
t1_gxidcwu,2,0,0,0
t1_ia9jf2r,0,0,0,0
t1_gtf9yun,0,0,0,0
t1_h6ofutl,0,0,0,0
t1_gtrm2vt,0,0,0,0
t1_gyh41f9,0,0,0,1
t1_d2u51tg,0,0,0,1
t1_f9ewl9c,0,0,0,0
t1_gs5dysi,1,0,0,0
t1_d2ttxsg,2,0,0,0
t1_gubwecn,0,0,0,3
t1_gxdax65,1,0,0,1
t1_depbj99,0,0,0,0
t1_grzfge0,0,1,0,1
t1_eq37w0l,0,2,0,0
t1_e9jw2l4,0,0,0,0
t1_gei4yi9,0,0,0,0
t1_f9sl6jt,0,1,0,1
t1_gxisupo,0,0,0,0
t1_k3rtfut,0,0,0,0
t1_flgxmof,0,0,0,0
t1_g53pgss,0,0,0,0
t1_ijls5cu,0,0,0,0
t1_k4pr2up,0,0,0,0
t1_g3rn5r2,0,0,0,0
t1_gik8tpd,0,0,0,2
t1_g3ko9od,0,0,0,0
t1_k7pfrpl,0,0,0,0
t1_f6t85gx,0,0,0,0
t1_g8nwdtp,0,0,0,0
t1_f7azevv,1,0,0,0
t1_ewv5e8m,0,0,0,1
t1_hwzd1zp,0,0,0,0
t1_hfa3htz,0,0,0,1
t1_es8wbep,0,0,0,0
t1_h0l71h9,0,0,0,0
t1_hfx91b9,0,0,0,1
t1_ev0ee8c,0,0,0,0
t1_ig99ol8,0,0,0,0
t1_foatj40,2,0,0,0
t1_gzv1xk3,0,0,0,0
t1_evl9eot,1,0,0,0
t1_dbf2b7d,0,1,0,0
t1_hu7naqd,0,0,0,0
t1_ells7xm,0,1,0,0
t1_k743mfj,0,2,0,0
t1_dintv4j,0,0,0,0
t1_fc02m1f,1,0,1,0
t1_iukezeh,0,0,0,0
t1_i79u1wg,0,0,0,0
t1_fz5j53s,0,0,0,0
t1_grukyb1,0,0,0,0
t1_iw0iolc,0,0,0,0
t1_jeepuxp,0,0,0,0
t1_jsgzibj,0,0,0,1
t1_gug6bdw,0,0,0,0
t1_ian88oz,1,0,0,0
t1_gny4zi7,0,0,0,0
t1_k0o6veq,1,0,1,0
t1_kand8m4,0,0,0,0
t1_gqzmgnv,1,0,0,1
t1_edswhw6,0,0,0,1
t1_ghu5art,0,0,0,0
t1_hdz2sqj,0,1,0,0
t1_hs3vsam,0,0,0,0
t1_gt756te,0,0,0,0
t1_k1yyhc1,0,0,0,0
t1_ev7wzaj,0,0,0,0
t1_gkgqlji,0,0,0,2
t1_gt3q6lb,0,0,0,0
t1_dt46oz1,0,0,0,0
t1_j10yz0d,0,0,0,1
t1_hrkgcrg,0,0,0,0
t1_j3rbdq8,0,0,0,0
t1_gycc31z,1,0,0,0
t1_dvlx3dq,0,0,0,0
t1_h8gifqf,0,0,0,1
t1_jes6arx,1,0,0,1
t1_f5pu9wg,1,0,0,1
t1_gk0wp82,0,0,0,0
t1_fees8h5,0,0,0,1
t1_eahlbx7,0,0,0,0
t1_kfg52a2,0,0,0,0
t1_i7vfp1o,2,0,0,0
t1_enn2wiz,0,0,0,2
t1_fotcryx,0,0,0,0
t1_ew09vdr,0,0,0,1
t1_djgvr8a,0,0,0,0
t1_e854lr4,0,0,0,0
t1_frheowo,0,0,0,0
t1_gsdwbbj,0,1,0,1
t1_hfju03f,0,1,0,0
t1_ey1cjd2,0,0,0,0
t1_fdmqcgq,2,0,0,1
t1_jcatyda,0,0,0,0
t1_e9odppu,0,0,0,0
t1_du163mv,0,0,0,0
t1_jltelr0,0,0,0,0
t1_e0aehjj,0,0,0,0
t1_eg1pqs6,0,1,0,0
t1_ino8f1z,0,0,0,0
t1_grvjyj7,0,0,0,0
t1_dx38kva,0,0,0,0
t1_f3xwhyd,0,0,0,1
t1_jlfnclp,0,0,0,0
t1_g23dhr4,1,0,0,1
t1_gs55cnq,0,0,0,0
t1_j002bsk,0,0,0,0
t1_gyh6dv3,0,0,1,0
t1_gny0jbj,0,0,0,0
t1_dvw8pdm,3,0,0,0
t1_ibv3pep,0,0,0,0
t1_e2u0yph,0,0,0,0
t1_irvf0ob,0,0,0,0
t1_i3vlil7,0,0,0,0
t1_hc4lr6p,0,0,0,3
t1_dm5uz1p,2,0,0,1
t1_djs9x3q,0,0,0,0
t1_kcrb15b,0,0,0,1
t1_gywws4t,0,0,0,1
t1_kaz40x0,0,0,0,0
t1_h0wfkos,0,0,0,0
t1_h8gj5be,0,0,0,1
t1_j80o8fg,0,0,0,0
t1_gy4jmlt,0,0,0,1
t1_jm2ypn7,0,0,1,0
t1_hgx3fz3,0,0,0,0
t1_kddn6te,0,0,0,0
t1_fs8ojbh,0,0,0,0
t1_joifrnt,0,0,0,1
t1_fjm07ou,2,0,1,0
t1_eb5gedq,0,0,0,0
t1_e3sq8d6,1,0,0,0
t1_gekp8sd,7,0,0,0
t1_hqk9tm9,0,0,0,1
t1_gsk17c6,0,0,0,2
t1_fb824gi,0,0,0,0
t1_dvu9owh,0,0,0,0
t1_h2x12xt,0,0,0,1
t1_ib5pqnx,0,0,0,1
t1_eok9nmo,0,3,0,0
t1_e36943k,3,0,0,1
t1_g9ig1tf,0,0,0,0
t1_dvtvbii,0,0,0,0
t1_i0abqp1,0,0,0,0
t1_dwei893,0,0,0,0
t1_k1kcjjw,0,0,0,0
t1_gxh8dm5,0,0,0,0
t1_e11z26u,0,0,0,1
t1_er9vnvz,0,0,0,0
t1_gv56hfd,0,0,0,2
t1_hhj181y,0,0,0,0
t1_e177pyz,0,0,0,0
t1_kcemqfq,0,0,0,0
t1_eistt6s,0,0,0,0
t1_h06zpsu,0,0,0,1
t1_fp6028h,0,0,0,1
t1_ezo6dy6,2,0,0,0
t1_dt4apjv,0,0,0,1
t1_dvvl8hl,0,0,0,0
t1_k4z4r5q,0,0,0,0
t1_gs2ew31,0,0,0,0
t1_ib9ew47,0,0,0,0
t1_h0sdou8,2,0,0,1
t1_fs2qsva,0,0,0,1
t1_h6zhn05,0,0,0,0
t1_k3n9eut,0,0,0,0
t1_hcyz6ba,0,0,0,0
t1_job3c89,0,0,0,2
t1_e0tg9pu,0,1,0,0
t1_jp332jo,0,0,0,0
t1_g15a92m,0,0,0,1
t1_gq203ox,0,0,0,0
t1_gs5eff1,0,1,0,0
t1_k7ari2r,0,0,0,0
t1_f2p0ooz,0,1,1,0
t1_k6iyggz,0,0,0,0
t1_gtnpq8o,0,0,0,1
t1_f7qtt0m,0,0,0,0
t1_guyoo91,0,1,0,0
t1_htfcayq,0,0,0,0
t1_gn8mlhg,0,0,0,0
t1_duaydth,0,0,0,2
t1_gmpumnz,0,0,0,0
t1_kamhqia,0,0,0,0
t1_h4apysn,0,0,0,0
t1_ff99o9f,0,0,0,0
t1_dhp6t9f,0,0,0,1
t1_g3r3dpt,0,0,0,1
t1_hev4kgq,2,0,0,0
t1_hrifvl3,2,0,0,0
t1_etcb0tv,0,0,0,0
t1_hialt2c,0,0,0,0
t1_hgwknht,0,0,0,0
t1_dtgwrn7,2,0,0,1
t1_ij6bq2a,0,0,0,0
t1_eeyang8,0,0,0,0
t1_gsyp68f,0,0,0,1
t1_e74aqqv,0,0,0,1
t1_ivc5hrl,0,0,0,0
t1_jgumaer,0,0,0,0
t1_j0tqiok,0,0,0,0
t1_jarvzqh,0,0,0,0
t1_hzmpktk,0,0,0,0
t1_exafi3a,0,0,0,1
t1_ebsz0y5,0,0,0,0
t1_dx7ueh3,0,1,0,0
t1_gzvvf3l,2,1,0,0
t1_hkt057l,0,0,0,1
t1_gx4hcol,0,0,0,0
t1_dz7l1ye,0,0,0,0
t1_k2qcyfg,0,0,0,0
t1_go8x1ow,0,0,0,0
t1_ekunhum,0,0,0,0
t1_es5bnnj,0,0,0,0
t1_ekopgwb,0,0,0,0
t1_dyo8nnf,0,0,0,0
t1_j8f1fly,0,0,0,0
t1_girxmb4,0,0,0,0
t1_gxwayu7,0,0,0,0
t1_gs30rpj,0,0,0,0
t1_g67n06b,0,0,0,1
t1_kd3fb09,0,0,0,0
t1_ew1bf92,0,0,0,0
t1_hvcu5ab,0,0,0,3
t1_id9mpgo,0,0,0,0
t1_erh9gdc,2,0,0,0
t1_duqfq38,0,0,0,0
t1_esmq8wg,0,1,0,0
t1_igqo94y,0,0,0,0
t1_ez8w5at,0,0,0,0
t1_gogs1rc,0,0,0,0
t1_f9zhsi0,0,0,0,0
t1_h7bz30a,0,1,0,0
t1_jwwjw2p,0,0,0,0
t1_fkyan4z,0,0,1,0
t1_f6suzsh,0,0,0,1
t1_hixx9nl,0,0,0,0
t1_j18y9va,0,0,0,0
t1_jj6v4yw,0,0,0,0
t1_egy3fu7,0,0,1,0
t1_h9ppwmz,0,0,0,1
t1_dscpgiz,0,0,0,0
t1_fb6ec4m,0,0,0,0
t1_jeemv68,0,0,0,0
t1_g8oq9dq,4,0,0,2
t1_j78ao6o,0,0,1,0
t1_jp52rai,0,0,0,0
t1_g6wz4w7,0,0,0,1
t1_eqgab08,0,0,0,0
t1_kaah96z,0,0,0,0
t1_frea0zf,1,0,0,0
t1_erblksx,0,0,0,2
t1_fj1cioj,0,0,0,0
t1_dx4en94,0,0,0,0
t1_e61czhy,0,0,0,0
t1_kefeune,0,0,0,0
t1_iz78ajg,0,0,0,0
t1_f6n29jd,0,0,0,0
t1_htw2w80,1,0,0,0
t1_i32gg4z,0,0,0,0
t1_glvs2h2,0,0,0,0
t1_hnkego4,1,0,0,0
t1_kane5ay,0,0,0,0
t1_f8abql2,0,0,0,0
t1_foybyho,0,0,1,0
t1_do2m8ux,1,0,0,1
t1_hjal99w,0,0,0,0
t1_e4qgpkm,0,0,0,2
t1_kfkvxtj,0,0,0,0
t1_fkrlwk8,1,0,1,0
t1_dy0oy06,0,0,0,0
t1_es7yrid,1,0,0,0
t1_gd8cryt,0,0,0,1
t1_kdihfml,0,0,0,0
t1_d5giixh,3,1,1,0
t1_ejb19lh,0,0,0,0
t1_io3854z,1,0,0,0
t1_h6erfna,0,0,0,0
t1_cjuo15p,2,0,0,1
t1_dvpi4lw,0,0,0,0
t1_gru65a8,0,0,0,0
t1_e3igo79,0,0,0,0
t1_j33xx4f,0,0,0,0
t1_k3n9mr3,0,0,0,0
t1_h2z1z6r,0,0,0,2
t1_ixsqpfr,0,0,1,0
t1_f5p4ff9,0,0,0,0
t1_d315rrf,1,0,0,2
t1_fss38xv,0,0,0,0
t1_hteipvy,0,0,0,0
t1_ge2fugq,1,0,0,0
t1_e2p70d4,0,0,0,0
t1_j2uwrpl,0,0,0,0
t1_gxbbolo,0,0,1,0
t1_gejcstt,0,0,0,0
t1_ebrcze6,0,0,0,0
t1_dxyy1om,0,0,0,0
t1_gvs5t8o,0,0,0,0
t1_gtbm237,0,0,0,0
t1_jpq310w,0,0,0,0
t1_h4jdfsy,0,0,0,0
t1_gcn8bwa,2,0,0,0
t1_g7pbbcj,0,0,2,1
t1_jp33fb5,0,0,0,0
t1_g4cka1q,0,1,0,1
t1_iq3n6gt,0,0,0,0
t1_f4i3b9p,0,0,0,0
t1_ez5khxn,1,0,0,0
t1_hqg9y2v,0,0,0,3
t1_g5kqgws,0,0,0,2
t1_hu8ghob,0,0,4,3
t1_icanpki,0,0,0,0
t1_fo1yl1t,0,0,0,0
t1_efmlhjv,0,0,0,0
t1_dtam0ro,0,0,0,0
t1_j39tj1k,0,0,0,1
t1_dvbcbco,0,0,0,1
t1_ejc4kfl,0,0,0,0
t1_i2wfcci,1,0,0,0
t1_hxn1w79,0,0,0,0
t1_ewl8onp,0,1,0,0
t1_k4prup6,0,0,0,0
t1_jv2fc45,0,0,0,0
t1_hgnsy9q,0,0,0,0
t1_hw5y53n,0,0,0,0
t1_hyucqwo,0,0,0,0
t1_f77ubvp,0,0,0,0
t1_gs51ada,0,0,0,0
t1_h02z5id,0,0,1,1
t1_i72lfrd,0,0,0,0
t1_f8ddjqo,1,0,0,0
t1_gptx4bd,0,0,0,3
t1_dy0j7tc,0,0,0,0
t1_hc69h31,0,0,0,3
t1_gxtmzmy,0,0,0,0
t1_gsywhss,0,0,0,0
t1_ev8xp30,0,0,0,0
t1_gxlju1q,0,0,1,1
t1_ehv2kzu,0,0,0,1
t1_j0npnra,0,0,0,0
t1_ev8t76j,0,0,0,0
t1_g4tfdp0,3,0,0,1
t1_g23dook,1,0,0,1
t1_gk3qc42,0,0,0,0
t1_gw5ngm6,0,0,2,0
t1_eau9xjg,0,0,0,1
t1_ge4wg4n,1,0,0,0
t1_e3ez01l,0,0,0,0
t1_eb2m99c,0,0,0,0
t1_gpsm49h,1,0,0,1
t1_izlpvtk,0,0,0,0
t1_eqae2yx,1,0,1,1
t1_gyh5dem,0,0,0,1
t1_igwrma9,2,0,0,0
t1_hf6tc7w,0,0,0,0
t1_d1drsnh,0,0,0,0
t1_hdqtm4n,0,0,0,0
t1_hejdxsw,2,0,0,2
t1_i391a57,0,0,0,3
t1_hrabolz,0,1,0,0
t1_gxd8jom,1,0,0,0
t1_dy26buk,1,1,0,0
t1_k6ma7cg,0,0,0,0
t1_hk2om0v,0,0,0,0
t1_ezf5dyk,0,0,0,1
t1_h77send,1,0,0,0
t1_dw74hjp,0,0,0,0
t1_fmfm4su,0,0,0,0
t1_gl1ivp8,0,0,0,0
t1_hg6qo5v,0,0,0,0
t1_gmlp2yb,0,0,0,1
t1_ie0vawm,0,0,0,0
t1_er6dx3k,0,0,0,1
t1_eudl1mi,0,1,0,0
t1_iie1ofb,0,0,0,1
t1_i2rj81n,0,0,0,0
t1_hi5eww5,0,0,0,0
t1_fe5xa6k,0,0,0,0
t1_g8iuabj,2,0,0,1
t1_e2mi5fm,0,0,0,0
t1_jze7b0k,2,0,0,0
t1_h5d40q5,0,0,0,0
t1_gx8dfnm,1,0,0,0
t1_jfuf2zn,0,0,0,0
t1_ejrsahj,0,0,0,0
t1_dt9elm2,0,0,0,0
t1_ebi2vx7,0,0,0,2
t1_ej7rig2,0,0,0,0
t1_el49p3j,0,0,0,0
t1_glczc7c,0,0,0,0
t1_kdas8gi,1,0,0,0
t1_idluzk4,0,0,0,0
t1_gcmg97l,0,0,1,0
t1_etkzes2,0,0,0,0
t1_ec2zcqa,0,0,1,1
t1_itzxs42,0,0,0,0
t1_jms9dfm,0,0,1,0
t1_f8dn3sw,3,0,0,2
t1_e2kd0gw,0,0,0,1
t1_dst39lq,0,0,0,1
t1_k9k5mso,2,0,0,0
t1_ht1oivh,0,0,0,1
t1_g4d2mm3,0,1,0,1
t1_ikxuzoe,0,0,0,0
t1_hdry65j,0,0,0,0
t1_ff6n7ag,0,0,1,2
t1_j1dedfj,0,0,1,0
t1_frimgth,0,0,0,1
t1_emtcrts,0,0,0,0
t1_h9d7oou,0,0,0,0
t1_k18kbo0,0,0,0,1
t1_e8e4n3y,0,0,0,0
t1_jupe166,0,0,0,0
t1_h7x79cs,0,0,0,0
t1_f8fvvst,0,0,0,2
t1_gte95yx,0,0,0,0
t1_jiwlr64,0,0,0,0
t1_dtbufji,1,0,0,0
t1_i3wbj8n,0,0,0,0
t1_dssvnhe,2,0,0,0
t1_j0oqoc1,1,0,0,0
t1_hf5tkj3,0,0,0,1
t1_jsis2tb,0,0,0,0
t1_g4m6sza,0,0,0,0
t1_gi5epn1,1,0,0,0
t1_dfumrce,0,0,0,0
t1_gze1qn3,0,0,0,1
t1_hg0knnu,0,0,0,1
t1_gn4a9my,0,0,0,0
t1_gnq5t25,0,0,0,0
t1_dumn2t3,1,1,0,0
t1_e3db1q8,0,0,0,0
t1_dut2dou,0,0,0,0
t1_h0bzyyo,0,0,0,0
t1_kf4zudh,0,0,0,0
t1_eaag5ml,0,0,0,2
t1_ewi3drn,1,0,0,0
t1_j2a1yv0,0,2,1,1
t1_hu5ez2a,0,0,0,0
t1_k63z1cv,0,0,0,0
t1_jjcqhut,0,0,0,1
t1_gjuqlcb,0,0,0,0
t1_hnysrov,0,0,0,0
t1_i2jemch,0,0,1,0
t1_gvwoirj,0,0,0,2
t1_h0b0n30,1,0,0,0
t1_jm7zwd0,0,0,1,0
t1_gnqb3pm,0,0,1,0
t1_dxwmmgu,0,0,0,1
t1_jp33k4v,0,0,0,0
t1_gru6wpa,0,0,0,0
t1_j4lsctc,0,0,0,1
t1_h05jemi,0,0,0,0
t1_ezicc6z,0,0,0,2
t1_i9j8od5,0,0,0,3
t1_hpou96n,0,0,0,0
t1_fkt5ng2,2,0,0,0
t1_e50geae,0,0,0,0
t1_hrtpeb6,0,0,0,0
t1_froim3v,0,0,0,0
t1_j6hoxz0,0,0,0,0
t1_hzqzx89,0,0,0,0
t1_dg81f6h,0,0,0,0
t1_gx3tiqm,1,2,0,1
t1_hvau3fr,0,0,0,2
t1_i8p5l14,0,0,0,0
t1_k4egrf9,0,0,0,0
t1_gxecbxa,0,0,0,0
t1_hrb4wq1,1,0,0,0
t1_hgnnbc1,0,0,0,2
t1_hfx9evz,0,0,0,1
t1_hdveh5b,0,0,0,0
t1_i7n8om3,0,0,0,0
t1_dzpw21t,0,0,0,0
t1_d375flm,0,0,0,1
t1_d01kd3o,0,0,0,0
t1_kay9hdx,0,0,0,0
t1_e9p6lst,0,0,0,0
t1_gxid4jd,2,0,0,0
t1_jqugkxd,2,0,0,2
t1_f60l2vj,0,0,0,0
t1_ezf3mf3,0,0,0,1
t1_e70rwuj,0,0,0,1
t1_jx42ted,0,1,0,1
t1_dyh6zk0,1,0,0,0
t1_kfgksr7,0,0,0,0
t1_ke66zkr,0,0,0,1
t1_j6n8uxn,0,0,0,0
t1_gtbn8yr,2,0,0,0
t1_ex35709,0,0,0,0
t1_h81gdqi,0,0,0,1
t1_fm0n822,0,0,0,0
t1_g3kjdpy,0,0,0,2
t1_dy5sjng,0,0,0,0
t1_ho90o4u,0,1,0,1
t1_f0kddf1,0,2,0,0
t1_gx53qzu,0,1,1,0
t1_kbj0kca,0,0,0,1
t1_f49k0yo,0,0,0,0
t1_f7evkom,0,0,0,0
t1_gv1ih2a,0,0,0,1
t1_elgc8jr,0,0,0,0
t1_gt2hqjo,0,0,0,1
t1_gzn7a5i,0,0,0,2
t1_fjtrkun,1,0,0,0
t1_fgezaei,1,0,0,0
t1_hjl0t4f,0,0,0,0
t1_hg0l3o7,0,0,0,1
t1_dszbrna,1,0,0,1
t1_jgurspo,2,0,0,1
t1_i0jh8vn,0,0,0,0
t1_gimrykx,0,0,0,0
t1_juvl0tw,0,0,0,0
t1_ggkf63c,2,0,0,1
t1_f5q9f7e,0,0,0,0
t1_f8rl2k6,0,0,0,0
t1_gtaz80l,0,0,0,0
t1_h6x17yh,0,0,0,1
t1_iiyi6oe,0,0,0,0
t1_hfx8t1p,0,0,0,1
t1_exta6a0,0,0,0,0
t1_de2711z,0,0,0,0
t1_jwn2hn5,0,0,0,0
t1_fojx4yc,0,0,0,2
t1_f5rmti5,0,0,0,0
t1_cwebif6,0,0,0,1
t1_hfk1fyt,0,1,0,0
t1_ecjhbjz,0,4,0,0
t1_j7zj9a7,0,0,0,0
t1_is5xw7j,0,0,0,0
t1_jpn0c1k,0,0,0,1
t1_gt5j6j5,0,0,0,2
t1_hnysf8b,0,0,0,0
t1_kcncpiq,0,0,0,0
t1_ici7loy,0,0,0,0
t1_iz727t6,0,0,0,0
t1_gtludqe,0,0,0,1
t1_dyp3e6m,0,0,0,0
t1_i1w3w9c,0,0,0,0
t1_dydpc83,0,0,0,0
t1_iagrkzk,0,0,0,1
t1_k4u8bjj,0,0,0,1
t1_ebzl00l,0,0,0,1
t1_e7xn9br,1,0,0,0
t1_h3wkzec,1,0,0,1
t1_k2kngnj,0,0,0,1
t1_hell83p,0,0,0,0
t1_gny1lfx,0,0,0,0
t1_jtse98m,0,0,0,1
t1_ifeyj61,0,0,0,0
t1_gomzx4e,0,0,0,0
t1_i9ftbk6,0,0,0,2
t1_gugg67i,0,1,0,1
t1_hg0l0tz,0,0,0,1
t1_j467bok,0,0,1,1
t1_fte757n,0,0,0,0
t1_hfk1jxm,0,1,0,0
t1_kb0s786,0,0,0,0
t1_kf88cba,0,0,0,0
t1_j75wwee,0,0,0,0
t1_gzwhjoa,0,0,0,0
t1_il1mxfw,0,0,0,2
t1_dyy7u1z,0,0,0,0
t1_gpq6pey,0,0,0,0
t1_k2ko8ma,0,0,0,1
t1_h2juajq,0,0,0,0
t1_i35ht1l,0,0,0,0
t1_evbmxqn,0,0,0,1
t1_joi7so1,0,0,0,1
t1_e3n8u6b,0,0,0,0
t1_e87u4im,0,0,0,1
t1_gmn5453,0,0,0,0
t1_jn7npig,0,0,0,0
t1_inri62x,0,0,0,0
t1_gxdaz6x,1,0,0,1
t1_ivcmeib,0,0,0,0
t1_e5myckn,0,0,0,0
t1_dnehbdr,0,0,0,0
t1_i9j4jkp,0,0,0,0
t1_gcqqfut,0,2,1,1
t1_kbtpo43,0,0,0,0
t1_ik2z128,0,0,0,0
t1_gojbzbr,1,0,0,0
t1_k6oi5i0,0,0,0,0
t1_hjvzntt,3,0,0,3
t1_exlxtk5,0,0,0,0
t1_gkxxoay,0,0,1,0
t1_j4jcw1z,0,0,0,0
t1_jbafu53,0,0,0,2
t1_fo5mkln,0,0,0,0
t1_e14vx9e,0,0,0,0
t1_gn43hmb,0,0,0,2
t1_gdwhsjp,0,0,0,0
t1_f8gzw4g,0,0,0,1
t1_fofxaml,1,0,0,1
t1_e9ukj75,1,0,0,0
t1_jpmueic,0,0,0,0
t1_jzvheuw,0,0,0,0
t1_k9pbjdg,0,0,0,1
t1_g3wdnry,0,0,0,2
t1_gv6j40f,1,0,1,0
t1_etlqsfg,0,0,0,0
t1_h2othom,0,0,0,0
t1_e5ndxmd,0,0,0,2
t1_k7r2p8d,0,0,0,0
t1_e4ktm1i,0,0,0,2
t1_fklk70k,0,0,0,0
t1_k7jm7ij,0,0,0,0
t1_fi21xdt,0,0,0,0
t1_frearhu,1,0,0,0
t1_gptvybx,0,0,0,0
t1_gg2x8e5,0,0,0,2
t1_gx3s9gz,1,0,0,0
t1_i6fdyqw,0,1,0,1
t1_eceugpx,0,0,0,0
t1_hctxa0m,0,0,0,0
t1_gxf6ukd,0,0,0,0
t1_gf6x2th,0,0,0,1
t1_fyk95oc,3,0,0,0
t1_eaxonx6,0,0,0,0
t1_f5dvkky,0,1,0,1
t1_gs37rdx,0,1,0,1
t1_dxbihwe,0,0,0,0
t1_jspvj43,0,0,0,1
t1_inown2o,1,0,0,0
t1_gu8e380,1,0,0,0
t1_fl932o7,0,0,0,2
t1_dgpu8vz,0,0,0,0
t1_guzoaa2,0,0,0,0
t1_j5llbph,0,0,0,0
t1_eau536z,0,0,0,0
t1_gbubl02,0,0,0,0
t1_k7atoac,0,0,0,0
t1_ezklioc,0,0,0,0
t1_e0neni3,0,0,0,0
t1_f698jqa,0,0,0,0
t1_hh8glho,0,0,0,0
t1_gjarv7f,0,0,0,1
t1_g6of9pt,0,0,0,2
t1_e2hnuzb,0,0,0,0
t1_is6fx44,0,0,0,0
t1_ewlqjv4,2,0,0,2
t1_fcut805,0,0,0,0
t1_g2ybjmq,0,0,0,0
t1_e0l2zt6,0,0,0,0
t1_eqz3ibj,0,0,0,0
t1_jn2v79k,1,0,0,0
t1_e2g8n1d,2,0,0,0
t1_e1u236u,0,0,1,3
t1_hoh33kk,0,0,0,0
t1_hd6eq4e,0,0,0,0
t1_gzy7v12,2,0,0,0
t1_fm0vcj8,0,0,0,0
t1_dww0zqu,0,0,0,0
t1_frzg3ff,0,0,0,0
t1_gjkwzr3,0,0,0,0
t1_j00yn1x,0,0,2,1
t1_k9f4xnn,0,0,0,1
t1_jtej679,0,0,1,0
t1_fp9mhw5,1,0,0,1
t1_i7p08qh,1,0,0,0
t1_gt7tsr9,0,1,0,0
t1_gt74bfj,0,0,0,0
t1_jsq8lr5,0,0,0,1
t1_iqdjrhf,2,0,1,0
t1_hayud60,0,0,0,0
t1_e36z24u,0,0,0,0
t1_hdeovva,0,0,0,0
t1_iim97hn,0,0,0,0
t1_gnlp8b9,0,0,0,0
t1_h9ynukf,0,0,0,0
t1_k5srja1,0,0,0,0
t1_ixlhdyb,0,0,0,1
t1_imj3m9j,0,0,0,0
t1_duzom1l,1,0,0,0
t1_ig95wp8,1,0,0,1
t1_h8gik8g,0,0,0,1
t1_fyjpsbb,0,0,0,0
t1_f2q5omz,0,0,0,0
t1_hfs6ft4,0,0,0,1
t1_gzvvki2,2,1,0,0
t1_dwis2v9,2,0,1,0
t1_feka8b4,0,1,0,0
t1_ee0zen9,1,0,0,0
t1_iic49ld,0,0,0,0
t1_f5zfl65,2,1,0,0
t1_dxi2lw2,0,0,0,0
t1_e22zjhm,0,0,0,1
t1_fa0er9k,0,0,0,0
t1_gx6cbxa,1,0,0,0
t1_f2gddv5,0,0,0,0
t1_ic8kv2s,0,0,0,0
t1_ergh9jy,0,0,0,0
t1_ggiudmc,0,0,0,0
t1_f35q1dv,3,0,0,2
t1_gxab53t,0,0,0,0
t1_ei9o7aj,0,0,0,0
t1_h9dxqrq,1,0,0,0
t1_dm3zsyx,0,0,0,0
t1_izax2fo,0,1,0,1
t1_fbg1di2,0,0,0,0
t1_ekyxflx,0,0,0,1
t1_fbh388o,0,0,0,0
t1_kde9akw,0,0,0,1
t1_ibdcwbz,1,0,0,0
t1_iok40pt,0,0,0,0
t1_gt38mql,0,0,0,0
t1_gx5ab26,0,0,0,1
t1_fwohu2c,0,0,0,0
t1_gz60v3d,0,0,0,0
t1_g5tauf3,0,0,0,0
t1_duy8wzv,0,0,0,2
t1_gvtosdi,0,0,0,0
t1_ghvaxat,0,0,0,0
t1_ibdro25,0,0,0,0
t1_k03lag2,0,0,0,1
t1_gxfaf0s,2,0,0,1
t1_jmtqugd,0,0,1,1
t1_dxqic5r,0,0,0,0
t1_gx5fcgo,0,1,1,0
t1_iqxubn0,2,0,0,0
t1_ese2a19,0,0,0,0
t1_e2s3wrh,0,0,2,0
t1_du4jf3a,3,0,0,0
t1_jb1z2bv,0,0,0,0
t1_dvlqcth,0,0,0,0
t1_ezbird4,0,0,0,0
t1_dygzkq8,0,1,0,0
t1_hf2v9r5,0,0,0,0
t1_igfmdu1,0,0,0,0
t1_kdhi7b1,0,0,0,0
t1_h3kyfie,0,0,0,0
t1_jnj5gn1,0,0,0,0
t1_ettuzzy,1,0,0,1
t1_dypedvw,0,0,1,0
t1_e8p8xs5,0,0,0,0
t1_hyhrrae,0,0,0,0
t1_e9mu9iy,0,0,0,1
t1_gxtkr3e,0,0,0,0
t1_h4g0a3y,0,0,0,0
t1_f3otibj,0,0,0,0
t1_i1i6rcg,0,0,1,0
t1_fn84ssf,0,0,0,0
t1_h8eio72,0,0,0,1
t1_gkt8j15,0,0,0,0
t1_fs99u6w,0,0,0,0
t1_etxuout,0,0,0,0
t1_gcr5di2,1,0,0,0
t1_fwisv1v,0,0,0,0
t1_du2l4d7,0,0,0,0
t1_k7635ks,0,0,0,0
t1_d438c0g,0,0,0,0
t1_i9c5aaw,0,0,0,0
t1_f9kl989,0,0,0,0
t1_gv52h3s,1,0,0,0
t1_h6zqd2g,2,0,0,0
t1_dx77lpo,1,0,0,0
t1_ggrwrg7,0,0,1,0
t1_fwv5z36,0,0,0,1
t1_gyvl0jm,0,0,0,0
t1_ff7b6c3,0,0,0,0
t1_id404h8,2,1,0,0
t1_dvcvd3x,0,1,0,0
t1_hf25e5x,0,0,0,1
t1_hl51m8k,0,0,0,0
t1_kd4yc1l,0,0,0,1
t1_feywp3e,0,1,0,0
t1_e0ayvim,0,0,0,1
t1_e4ldsg4,0,0,0,0
t1_gxdjmfk,0,0,0,1
t1_f4s1k76,0,0,0,1
t1_dxuaw5q,0,0,0,0
t1_gqyt65v,2,0,0,1
t1_i1f1hqu,1,0,0,0
t1_gtjfzbr,2,0,0,0
t1_gtndovs,0,0,0,0
t1_hfs6occ,0,0,0,1
t1_k6bxh7x,0,0,0,1
t1_fdim3ht,0,0,0,0
t1_glrxz2u,0,0,0,1
t1_dvi1sb9,0,0,0,0
t1_e42of0s,0,0,0,2
t1_iwaxo8r,2,0,0,1
t1_gycivvf,0,0,0,1
t1_dz9aqw3,0,0,0,0
t1_fq3jd98,0,0,0,1
t1_ii1abre,0,0,0,0
t1_hf5szod,0,0,0,1
t1_hc9gxog,0,0,0,0
t1_kev1fij,0,0,0,0
t1_io627nq,0,0,0,0
t1_gg2tyhl,0,0,0,0
t1_gtugwwa,0,2,1,0
t1_gs5q57j,0,0,0,0
t1_hxwbas0,0,0,0,0
t1_fk1uyfa,0,0,0,0
t1_hwvdodb,0,0,0,0
t1_es8hyiq,0,0,1,0
t1_e7kj243,0,0,0,0
t1_ehbhtjz,0,0,0,1
t1_g67swpi,0,0,0,0
t1_hkf7gff,0,0,0,0
t1_jn0br6j,2,0,0,1
t1_gj5dzhj,0,0,0,0
t1_gvqacic,0,0,0,1
t1_h0sa9ak,0,0,0,0
t1_jxac7m1,0,0,0,0
t1_gxierxj,0,0,0,1
t1_h8m2ksd,0,1,0,1
t1_f7e7hib,0,0,0,0
t1_e6biv9y,0,0,0,1
t1_i5mlqng,0,0,0,1
t1_heo0ew1,1,0,1,0
t1_i82c4yf,0,0,0,2
t1_gxdj28n,0,0,0,1
t1_g00k78y,0,0,0,0
t1_f88zppf,0,0,0,0
t1_cledddm,0,0,0,0
t1_jo70uxh,0,0,0,0
t1_dk42wwt,0,2,0,1
t1_gte8bhk,0,0,0,0
t1_igo2c28,0,0,0,0
t1_e4l98z8,0,0,0,3
t1_e1kpkb9,0,0,0,0
t1_hgntai6,0,0,0,0
t1_ekqm6po,1,0,0,1
t1_h85c3yl,2,0,0,0
t1_i216olh,0,0,0,0
t1_ho5lm7v,0,0,0,0
t1_elgmxbd,0,0,0,0
t1_fo0rwub,0,0,0,0
t1_f9vl57l,0,0,1,0
t1_gqthlr2,0,0,0,0
t1_k6iq30w,0,0,0,0
t1_izuflvu,0,0,0,2
t1_f8dfqmz,2,0,0,0
t1_juhu2vo,1,0,0,0
t1_i5qy5qi,0,1,0,0
t1_e824ci7,1,0,0,1
t1_fagzc1e,0,0,0,0
t1_huginaf,0,0,0,0
t1_d5c5cfi,0,0,0,0
t1_ihqebwb,1,0,0,1
t1_f5jjewk,2,0,0,0
t1_grudkaw,0,0,0,3
t1_hg6ky1l,1,0,0,0
t1_jw7r4no,0,0,0,1
t1_elbg9hh,0,0,0,0
t1_i6suo3w,0,0,0,1
t1_gzwheyl,0,0,0,0
t1_h6vqi2p,0,0,0,0
t1_e4hwk5m,0,0,0,0
t1_jshmoq4,3,0,0,2
t1_e3zmzqb,0,0,0,1
t1_em4zymp,0,0,0,1
t1_gh89a1x,0,0,0,0
t1_gl7nx9t,0,0,0,0
t1_fbi2sac,0,0,0,0
t1_dvi5pre,0,0,1,0
t1_hc90cxf,0,0,0,0
t1_fd6bp9h,0,0,0,0
t1_evrlebq,0,0,0,0
t1_k9mk7ta,0,0,0,0
t1_gzrlwqz,1,0,0,1
t1_ff0qevp,0,0,1,0
t1_ifuoocz,0,1,0,0
t1_h1mk18h,0,0,0,2
t1_fnprll4,0,0,0,0
t1_e4v4mdb,0,0,1,1
t1_ia1x5em,0,0,0,0
t1_gtwe8b6,1,1,0,0
t1_e0vvs4n,0,0,0,0
t1_g2c0e26,0,0,0,0
t1_gsk32qb,0,0,0,1
t1_e0j0mo5,0,0,0,0
t1_j15yj9u,0,0,0,0
t1_gxg6b8i,0,0,0,0
t1_i0oe104,0,0,0,0
t1_hu7e05r,0,0,0,0
t1_dtjgllf,0,0,0,0
t1_jgk4mnd,0,1,0,0
t1_k7gtjrm,0,0,0,0
t1_dxxjz9u,0,0,0,0
t1_ew74lov,0,0,0,1
t1_dyldb78,0,2,0,2
t1_elq3yen,0,0,0,0
t1_gnr35ii,0,0,0,0
t1_gujynzm,0,0,0,0
t1_du941xr,0,0,0,0
t1_fup2kn2,2,0,0,1
t1_gbo9rfp,0,0,0,1
t1_e9b1wh3,0,0,1,0
t1_clwcokq,0,0,0,0
t1_gmq4b61,0,0,0,0
t1_gyaq91m,0,0,0,0
t1_h89u1bv,0,0,0,0
t1_hd23oxk,0,0,0,0
t1_fv3707r,0,1,0,1
t1_ekj9tua,0,0,0,1
t1_gs4s5c0,0,0,0,0
t1_il6cs4i,0,0,0,0
t1_gzy73nu,0,0,0,0
t1_jktfxls,0,0,0,0
t1_eure0z8,0,0,0,0
t1_joi7ulu,0,0,0,1
t1_dlfcfb8,0,0,0,1
t1_g4am4y9,0,0,0,0
t1_ebmyyqt,0,0,1,1
t1_h5ge58t,0,0,0,0
t1_erl8xcx,0,0,0,0
t1_htisd5x,0,0,1,0
t1_gx4jjr2,0,0,0,0
t1_gxydqk9,0,0,0,0
t1_gzy6j29,0,0,0,0
t1_dtzkauz,0,0,0,0
t1_hbqots5,0,0,0,1
t1_glpx2fm,0,0,0,0
t1_h1bqp5u,0,0,0,0
t1_ekvq976,0,0,0,0
t1_gxdbb93,0,0,0,0
t1_jiq41ie,0,0,0,0
t1_jyvvbz9,0,1,0,0
t1_iqd0zw4,0,0,0,2
t1_gx7ge0u,1,0,0,0
t1_ek6j5l2,0,0,0,0
t1_dk87iid,0,0,0,0
t1_cqcc3il,0,0,0,0
t1_gsieouv,0,0,0,2
t1_k1khyot,0,0,0,0
t1_f4wdbvk,0,0,0,0
t1_gdk8bc4,0,1,0,0
t1_gvq5opw,0,0,0,1
t1_gr95xon,0,0,0,0
t1_eamh3bc,0,0,0,0
t1_h2z2373,0,0,0,2
t1_fqlefgu,1,0,0,0
t1_k9s8wnp,0,0,0,0
t1_gk770a9,0,1,0,0
t1_inxupgd,0,0,0,0
t1_hr0osz7,0,0,0,0
t1_ekh5yq7,0,0,0,0
t1_gzv1yoz,0,0,0,0
t1_etbkkhn,0,0,0,0
t1_g5j3z0j,1,0,0,0
t1_hd23o8s,0,0,0,0
t1_ihlyzfh,2,0,0,1
t1_dso9d57,0,0,0,0
t1_e6c5nf7,0,0,0,1
t1_h4auy5p,0,0,0,0
t1_etaa75u,0,0,0,0
t1_j6b3bma,0,0,0,0
t1_jvmey8z,0,0,0,0
t1_g7c66qe,0,0,0,0
t1_gnqrcge,0,0,0,2
t1_ju4re7v,0,0,0,0
t1_duld2do,0,0,0,1
t1_e1kv4sz,0,2,0,0
t1_eszo1qx,0,0,0,0
t1_hj38gdl,0,0,0,0
t1_ffclziw,0,0,0,0
t1_ezldrs8,0,0,0,0
t1_gynp4ml,1,0,0,2
t1_eao0lp2,0,0,0,0
t1_fajd5sf,3,0,1,3
t1_gnssiy8,0,0,0,0
t1_gnqwjgt,0,0,0,0
t1_gyesj2t,1,0,0,0
t1_gr0va2e,0,0,0,0
t1_gt3fd2a,1,0,0,0
t1_itrqhx6,0,0,0,2
t1_f7bzvwr,0,0,0,1
t1_gvszglg,0,0,0,0
t1_e3zcfgq,0,0,0,0
t1_ffaj0yv,0,0,0,1
t1_elzyly8,0,0,0,2
t1_kcbozh1,0,0,0,0
t1_h3jya4e,1,0,0,1
t1_e5w0479,0,0,0,1
t1_gxidf0t,2,0,0,0
t1_e2yu5fw,0,0,1,2
t1_gs4245j,0,2,0,0
t1_jjrbdje,0,0,0,1
t1_gu2p3zv,2,0,0,2
t1_g7d3z1s,0,0,0,0
t1_gnceete,0,0,0,0
t1_e4x2ums,0,0,0,0
t1_iqzvon0,1,0,0,1
t1_k53hblq,1,0,0,0
t1_htef5i7,0,0,0,0
t1_gzbcd4b,0,0,0,1
t1_hobbgss,0,0,0,1
t1_d0rprc3,0,0,0,0
t1_jtqktnz,0,0,0,0
t1_i3ly7xn,0,0,0,0
t1_gny2q5a,0,0,0,0
t1_g7hbuhg,2,0,0,0
t1_feknz16,0,0,0,0
t1_j0erf6h,1,1,0,0
t1_i6b5zs8,0,0,0,3
t1_gs5e91z,0,0,0,0
t1_ju2n90v,0,0,0,1
t1_h00h7j0,0,1,0,0
t1_hyg6t1f,0,0,0,1
t1_e3l7e35,0,0,0,0
t1_hlpg403,0,0,0,0
t1_gtin8vz,0,0,0,1
t1_hfjtqjk,0,1,0,0
t1_i6bod7h,0,0,0,1
t1_gnz2jyc,1,1,0,1
t1_frm26a8,0,0,0,1
t1_f7uwmxo,0,0,0,0
t1_g4r8lu0,0,0,0,0
t1_iaxu099,0,0,0,0
t1_gnql7x6,0,0,0,1
t1_h4lptfh,0,0,0,2
t1_e20h5nm,0,0,0,0
t1_hemu1t5,0,0,0,0
t1_jvo6kcj,2,1,0,0
t1_engiv2p,0,0,0,0
t1_fegai80,0,0,0,0
t1_hbit9ab,0,0,0,0
t1_hpuj34d,0,0,0,1
t1_i6ezzgc,2,0,0,1
t1_h40iw2x,0,1,0,0
t1_e9a31kj,0,0,0,0
t1_dup7shv,0,0,0,0
t1_f8pkzec,0,0,0,0
t1_iu00ymu,0,0,0,0
t1_ewn1u80,0,0,0,0
t1_heq38kk,0,0,0,0
t1_k0siuha,0,0,0,0
t1_gnckzih,0,0,0,0
t1_e3r591d,0,0,0,0
t1_jyits3g,0,0,0,0
t1_g0zx9ud,0,0,0,0
t1_j7uxybj,0,1,0,0
t1_jxgo3fs,0,0,0,0
t1_g056a36,0,0,0,0
t1_dmurcyz,0,0,0,0
t1_heaqu0z,0,0,0,0
t1_gjeemd8,0,0,0,1
t1_jnrprpx,0,0,0,0
t1_g7sd731,0,0,0,0
t1_ezq71p1,0,0,0,1
t1_htgwao7,1,0,0,1
t1_i7akby3,0,0,0,0
t1_je3y3oq,0,0,0,0
t1_czzbb41,1,0,0,1
t1_efbdmm3,0,0,0,0
t1_kdfxwfi,0,0,0,1
t1_k5l4ld1,0,0,0,0
t1_hq9whhr,0,0,0,0
t1_jj8pzai,0,0,0,1
t1_dvxjxtq,6,0,0,4
t1_foateet,2,0,0,0
t1_fgrw5nt,0,1,0,1
t1_g2cefyi,0,0,0,0
t1_kfgrt31,0,0,0,1
t1_dlydyod,0,0,0,1
t1_g5bgdrb,0,0,1,0
t1_hfe1rqa,0,0,0,0
t1_g2zxe4a,0,0,0,1
t1_hd23mrq,0,0,0,0
t1_i6dqn7i,0,0,0,0
t1_gxd8rqf,1,0,0,0
t1_e4hfeo0,0,0,0,0
t1_jdl5d4v,1,0,0,0
t1_ik6pkoe,0,0,0,0
t1_dm9s243,0,0,0,0
t1_f9zkbk5,0,0,0,0
t1_f3uqdls,0,0,0,1
t1_k5h7ah6,0,0,0,1
t1_gv6gvge,0,0,0,1
t1_gy3l4m4,0,0,0,1
t1_fpdnay0,0,0,0,0
t1_dx8k3c8,0,1,0,0
t1_e84r7ia,0,0,0,0
t1_errzw04,0,0,0,0
t1_e29o3cr,0,0,0,1
t1_gbusmjf,0,0,0,2
t1_e51nsm1,0,0,0,0
t1_gu29b1q,0,0,0,1
t1_jtqkugn,0,0,0,0
t1_gq1z3al,0,0,0,0
t1_gy54ry7,1,0,0,0
t1_i5cwjii,0,0,0,2
t1_ebyyn0j,0,0,0,0
t1_jn0i7yc,1,0,0,0
t1_e5spy7t,0,0,0,1
t1_gyh2sh5,1,0,0,1
t1_cm0p49j,0,0,0,0
t1_gzld7hg,0,0,0,0
t1_joi7w11,0,0,0,1
t1_fah6rch,0,0,0,1
t1_hz62oys,0,0,0,1
t1_ea1g6cn,1,0,0,1
t1_joi7vi8,0,0,0,1
t1_guzlb8x,0,0,0,0
t1_dwv9w1g,0,0,0,1
t1_gtfbu6q,0,0,0,0
t1_dvmjq2f,0,0,0,0
t1_jarac1v,0,0,0,0
t1_d31pycf,2,0,0,0
t1_i6q3pgk,0,0,0,0
t1_errzoqo,0,0,0,0
t1_fwgy9zo,0,0,0,2
t1_gxc4p9s,1,0,0,0
t1_g28t387,0,0,0,2
t1_g4rrkh6,0,0,0,0
t1_dtgnvhp,0,0,0,1
t1_irnh8nl,0,0,0,0
t1_evxgssx,0,0,0,0
t1_kcm73ae,0,0,0,0
t1_go0rps8,0,0,0,1
t1_gzvvcpi,2,1,0,0
t1_i56672y,0,0,0,0
t1_jrng3ku,0,0,0,0
t1_k3rq6kx,1,0,0,0
t1_e3vh3ys,0,0,0,0
t1_hf5sp4h,0,0,0,1
t1_gxif15f,0,0,0,1
t1_ik1dorr,1,0,0,0
t1_fbks8mb,0,1,0,0
t1_du2p89s,0,0,0,0
t1_gs31a3v,0,0,0,0
t1_eax2m17,0,2,0,0
t1_ft02iga,2,0,0,1
t1_fai2xjd,0,0,0,0
t1_e9seu4s,0,0,0,0
t1_e1ci2ui,1,1,0,1
t1_efx6wkc,0,1,0,0
t1_huuqfco,0,0,1,0
t1_gxljajr,0,0,0,0
t1_csthti6,0,0,0,0
t1_e5g2rmk,0,0,0,0
t1_iaxv4cj,0,0,0,0
t1_ka3tv8u,0,0,0,0
t1_gg5z5dm,0,0,0,0
t1_feazt7x,0,0,0,0
t1_jnkxfr7,0,0,0,0
t1_i8wwclf,0,0,0,0
t1_h60mfna,0,0,0,0
t1_e6dpyn1,0,0,0,0
t1_hgjle59,0,0,0,0
t1_ec3nl8c,0,0,0,0
t1_g11lfhu,0,0,0,0
t1_g4807tk,0,1,0,0
t1_em4hx9e,0,0,0,0
t1_gagevhn,0,0,0,0
t1_durxzn9,0,0,0,0
t1_gt3nk2t,0,0,0,0
t1_girxjtx,0,0,0,0
t1_iecn2d2,0,0,0,0
t1_hemtv1u,0,0,0,0
t1_dtq17zk,0,0,0,0
t1_e94b9qu,0,0,0,1
t1_fzm18v6,0,0,0,2
t1_g58vr4c,0,0,0,1
t1_io421pm,0,0,0,0
t1_e98u3jh,1,0,0,1
t1_e78v2gl,0,0,0,1
t1_gnqw62w,0,0,0,1
t1_kdu45r1,0,0,0,0
t1_hqxgwyi,0,0,0,1
t1_ixpvp87,1,0,0,0
t1_jmlounf,0,0,0,0
t1_el6s5yk,0,0,0,0
t1_h35xxsz,3,0,0,0
t1_h1u5q24,0,0,0,0
t1_hkxpear,0,0,0,0
t1_jeju736,0,1,0,1
t1_eknlezw,0,0,0,0
t1_jny2kzb,0,0,0,1
t1_i5mgcat,0,0,0,0
t1_gpq935v,0,0,0,0
t1_j9563fi,0,0,0,0
t1_j8ym47s,0,0,0,0
t1_g9qat6j,0,0,0,0
t1_kat9fvt,0,0,0,2
t1_eed5kg5,1,0,0,0
t1_e8xqvpo,0,0,0,0
t1_gsigr7k,0,0,0,0
t1_di0t906,0,0,0,1
t1_jiynhh8,1,0,0,2
t1_ek7btyy,0,0,0,1
t1_i3jdifr,0,0,0,1
t1_h077hhs,0,0,0,1
t1_jyfq8lc,0,0,0,0
t1_hj25w70,0,0,0,0
t1_h51lkav,0,0,0,0
t1_hpu3cwh,1,0,1,2
t1_hrvgqf2,1,1,0,1
t1_iozhx9w,0,0,1,0
t1_kezh8cu,0,0,0,0
t1_dtepiqx,2,0,0,2
t1_jqq0trs,0,0,0,0
t1_evds4ou,0,0,0,1
t1_hf2frw4,0,0,0,0
t1_i16cmck,0,0,0,0
t1_fal11fh,0,0,0,0
t1_fdo749a,1,0,0,0
t1_gxkn8fm,1,0,0,0
t1_jcxpg2x,0,0,0,0
t1_fs05nuj,0,0,0,0
t1_fasnjg2,0,0,0,0
t1_gse6iar,0,0,0,1
t1_hk246c9,0,0,0,0
t1_e4tw8nb,0,0,0,0
t1_jrg5bot,0,0,0,0
t1_gv1whi0,0,1,0,0
t1_hkef6r3,0,0,0,0
t1_e7hxvyt,0,0,0,0
t1_gtdbqqz,0,0,0,0
t1_ez9y15i,0,0,0,0
t1_e31ti6k,0,0,0,1
t1_gf7cn6c,0,1,0,0
t1_gv5h0eg,0,0,0,1
t1_k84yznn,0,0,0,0
t1_etcj6rq,0,0,0,0
t1_hbm3exp,1,0,0,0
t1_es08sl7,1,0,0,0
t1_e7nttj7,0,0,0,0
t1_gxiez56,0,0,0,1
t1_jrx3jj7,2,0,0,1
t1_ewmyi6c,0,0,0,0
t1_e3ztchc,0,0,1,0
t1_jjhipdx,0,1,0,0
t1_h3b7xjd,0,1,0,1
t1_dyuh4c2,0,0,0,0
t1_iy2tol6,0,0,0,1
t1_gjjcazf,0,0,0,0
t1_dws65xb,0,0,0,0
t1_g1g904u,0,0,0,0
t1_h4rlx21,0,0,0,0
t1_g6rmy9i,0,0,0,0
t1_hloiymj,0,0,0,0
t1_izwurkf,0,0,0,2
t1_gx5f9y8,0,1,1,0
t1_itd2lii,0,0,0,0
t1_f8t8fdt,1,0,0,0
t1_jsjmumk,0,0,0,0
t1_fqzok7x,0,0,0,0
t1_jvjv54k,0,0,0,0
t1_e22gqyu,0,0,0,0
t1_gnpz4i9,0,0,0,0
t1_h1t0e8i,1,0,0,0
t1_kd2dlk9,1,0,0,1
t1_gr8gaov,0,0,0,1
t1_dj3xp37,1,0,0,1
t1_ebyd7ql,0,0,0,0
t1_g1dxjc3,0,0,0,0
t1_dugi06h,0,0,0,1
t1_iinu4l2,0,0,1,0
t1_k764w86,0,0,0,0
t1_eru1yth,0,0,0,0
t1_glg7izv,0,0,0,0
t1_gx0c6c7,0,0,0,0
t1_gxiu3qi,0,0,0,0
t1_humw2y6,0,0,0,0
t1_hu4l6g3,0,0,0,0
t1_hj6jp6r,0,0,0,0
t1_hg6zavs,0,0,0,0
t1_e09ormt,0,1,0,1
t1_du6sidh,0,0,0,0
t1_ibl3zit,0,0,0,1
t1_dundstv,0,0,0,2
t1_ir28t6k,0,0,0,0
t1_f5grbx3,0,0,0,0
t1_gg56ogs,0,0,0,0
t1_h9lf9nx,0,1,0,0
t1_iud13pj,1,0,0,1
t1_e03pyae,0,0,0,0
t1_gq5yx4q,0,0,0,2
t1_h1715uh,0,0,0,1
t1_hs8lmfr,1,0,0,1
t1_emhr9fy,0,0,0,0
t1_idpf8hk,0,0,0,0
t1_dxj1cw8,0,0,0,0
t1_gu7tok4,0,0,0,1
t1_h6r21l2,0,0,0,0
t1_jrlp1dy,1,0,0,0
t1_k9blpye,0,0,0,1
t1_ebdh779,0,0,1,0
t1_gtzp9bq,0,0,0,0
t1_fvk6d98,0,0,0,0
t1_hejwgi9,0,0,0,1
t1_dw70t9h,0,0,0,0
t1_hmukm38,1,0,0,0
t1_ctdh1i8,0,0,0,0
t1_e1rr455,0,0,0,3
t1_k1kesu1,0,0,0,0
t1_k9lyhel,0,0,0,0
t1_iqltt7y,0,0,0,1
t1_if2xrbp,0,0,0,1
t1_gigzkum,0,0,1,0
t1_gnhljqj,2,0,0,1
t1_k9odms7,0,0,0,0
t1_eq9z1wh,1,0,0,1
t1_d8mvxzl,0,0,0,0
t1_gt3obj1,0,0,0,1
t1_hztt66w,0,0,1,0
t1_f4o03ka,0,0,0,1
t1_ijk3i1e,0,0,0,1
t1_ir3hjki,2,0,0,0
t1_gse7zpq,0,0,0,2
t1_gnd6gz9,0,0,0,1
t1_jg4yq77,0,0,0,0
t1_jmt5tq3,0,0,0,0
t1_dsh09qb,1,0,1,0
t1_jxmh65s,0,0,0,0
t1_j1bp6e0,0,0,1,1
t1_hao6ou5,2,0,0,1
t1_jg7db7a,0,0,0,0
t1_fe2zute,0,0,0,1
t1_hxul00f,0,0,0,0
t1_ihun5h9,0,0,0,0
t1_ey9r5p7,0,0,0,0
t1_gyft5rp,0,0,0,1
t1_h3l8am1,0,0,0,0
t1_hqvnf6t,0,0,0,1
t1_gzaupuz,0,0,0,0
t1_f7bf4b1,0,0,0,3
t1_f95vb9l,0,0,1,0
t1_grue5im,2,1,0,3
t1_ha0hcib,0,0,0,0
t1_h0bec05,0,0,0,2
t1_ewuozil,0,0,0,0
t1_k1ozw0e,0,0,0,0
t1_k6fu6c7,0,0,0,0
t1_h7kh7fb,0,0,0,2
t1_eke3jti,0,0,0,0
t1_feikhag,0,0,0,0
t1_ju2t4co,0,0,0,0
t1_dymmea5,1,0,0,1
t1_g67vfcm,0,0,0,0
t1_k4kjfq3,0,0,0,0
t1_ifrr5f5,0,0,0,0
t1_dw9hdh2,0,1,0,0
t1_e1bkh4k,0,0,0,1
t1_dzhyz7a,0,0,0,0
t1_dv3340h,0,0,0,0
t1_fybr2l3,0,0,0,0
t1_gegbt4u,0,0,0,1
t1_i9z7vu9,0,0,0,0
t1_hghh0q6,0,0,0,0
t1_e20rzvd,0,1,0,0
t1_e1pv6xg,0,0,0,0
t1_hgmf3db,0,0,0,0
t1_ehjj9bs,0,0,0,0
t1_ecamlc9,1,1,0,0
t1_czkhz4v,0,0,0,1
t1_hvcu84w,0,0,0,0
t1_jhdvbhz,0,0,0,0
t1_dvip17b,0,0,0,1
t1_dvmjgvq,0,0,0,0
t1_gnhqwh5,0,0,0,0
t1_hdd2vz3,0,0,0,0
t1_gcko7pq,0,0,0,1
t1_dxjk30t,0,0,0,1
t1_e2mtu1q,0,0,0,1
t1_ea97y73,0,1,0,0
t1_e44f9rv,0,0,0,1
t1_hemdgbr,0,0,0,1
t1_is1olxv,0,0,0,0
t1_ew3lq73,2,0,0,0
t1_k8o8t89,0,0,1,1
t1_h0roe3w,0,0,0,0
t1_f9tnhjj,0,0,1,1
t1_f76erur,3,0,0,2
t1_gxfah4b,2,0,0,1
t1_e0u6don,0,0,0,0
t1_h4h1hrl,0,0,0,0
t1_eq9k4hg,0,0,0,0
t1_fnp00sh,0,0,0,0
t1_k3wdo4p,0,0,0,0
t1_famrhlz,2,0,0,1
t1_h5yc0tw,1,1,0,0
t1_j41r2c0,0,1,0,0
t1_hc76ytm,0,0,0,0
t1_e5lqh3a,0,0,0,0
t1_hua016g,1,0,1,1
t1_i7xxll7,0,0,0,0
t1_h0zk0qi,0,0,0,0
t1_i64w43z,0,0,0,0
t1_fox3t83,0,0,0,0
t1_ehuugcr,0,0,0,0
t1_hd23n90,0,0,0,0
t1_h0vlcik,1,0,0,0
t1_gtevc29,0,0,0,0
t1_jsz87sq,1,0,0,1
t1_dszavds,2,0,0,0
t1_gzsd93u,0,0,0,0
t1_i112248,0,0,0,1
t1_icdjslh,2,1,0,0
t1_iswtl4w,0,0,0,0
t1_ivbpmn2,0,0,0,3
t1_foau5z3,2,0,0,0
t1_fnd3fq0,1,0,0,0
t1_gih48uq,2,0,0,1
t1_itefmm2,0,0,0,2
t1_d0woq43,0,0,0,0
t1_dy14avn,0,0,0,0
t1_i4ctmpx,0,3,0,1
t1_e4kvz2g,0,0,0,0
t1_e6q5g9q,0,0,0,0
t1_kei1abn,0,0,0,0
t1_ggxungy,0,0,0,0
t1_f1wppwm,0,0,0,0
t1_etuqcuk,0,0,0,0
t1_f48dbz9,0,0,0,0
t1_k9wo5px,0,0,0,0
t1_h04ktw9,0,0,0,1
t1_faoc1lh,0,0,0,0
t1_gscdclq,0,0,0,0
t1_hcrpxas,2,2,0,1
t1_cl8aif1,0,0,0,0
